indexed_barcode,isotype,lineage_id
AAACCTGCAGTAACGG-32,d,1806
AAACCTGCATGGTTGT-32,m,1348
AAACCTGGTCGGGTCT-32,m,1536
AAACCTGTCAATCTCT-32,g2,715
AAACCTGTCCTTTCTC-32,g4,928
AAACCTGTCTGGTATG-32,m,1200
AAACGGGGTGATGTGG-32,m,582
AAACGGGTCCAGAAGG-32,m,1037
AAACGGGTCGGCGCAT-32,m,1052
AAAGATGCATTACGAC-32,d,1176
AAAGATGGTACCGTAT-32,g2,199
AAAGATGGTAGAGGAA-32,m,2008
AAAGATGGTGCACGAA-32,m,663
AAAGATGGTGCGATAG-32,d,1851
AAAGATGGTGGTCTCG-32,m,1538
AAAGATGTCTGTTGAG-32,m,1278
AAAGCAAAGTGGCACA-32,m,1345
AAAGCAACAAGCTGAG-32,m,964
AAAGCAACAAGTTAAG-32,m,316
AAAGCAACATCAGTAC-32,m,623
AAAGCAACATCCGTGG-32,g2,1007
AAAGCAAGTAGCCTCG-32,m,1929
AAAGCAAGTGATAAAC-32,m,1794
AAAGTAGAGACAGAGA-32,a1,1163
AAAGTAGCAAAGCAAT-32,g4,1782
AAAGTAGCAAGTAGTA-32,m,1754
AAAGTAGCACCGTTGG-32,m,1173
AAAGTAGGTTACGACT-32,m,1540
AAAGTAGTCAGAGACG-32,a1,171
AAATGCCAGAATCTCC-32,m,753
AAATGCCAGAGATGAG-32,m,488
AAATGCCAGGGCATGT-32,m,406
AAATGCCAGGTGCAAC-32,m,535
AAATGCCCAATTGCTG-32,m,1481
AAATGCCCAGTAACGG-32,m,1700
AAATGCCGTTCGTCTC-32,g2,732
AACACGTAGTGGGATC-32,m,917
AACACGTTCATCACCC-32,m,730
AACCATGAGGCCCGTT-32,none,1717
AACCATGAGTAGTGCG-32,m,1956
AACCATGGTAGCGATG-32,m,1133
AACCATGGTCGCTTCT-32,m,1107
AACCATGTCAGCAACT-32,m,1978
AACGTTGAGGTAAACT-32,m,1307
AACGTTGCACCAGCAC-32,m,932
AACGTTGCATCTCGCT-32,d,221
AACTCAGTCCAATGGT-32,m,1662
AACTCCCAGACAAGCC-32,m,927
AACTCCCAGGAGCGAG-32,m,396
AACTCCCAGGCTAGGT-32,m,1050
AACTCCCGTTAGGGTG-32,d,1558
AACTCCCGTTGACGTT-32,m,666
AACTCTTAGTACGACG-32,m,685
AACTCTTAGTACGTAA-32,m,759
AACTCTTAGTGTCTCA-32,a1,423
AACTCTTAGTTGTAGA-32,m,1165
AACTCTTCAACTTGAC-32,d,511
AACTCTTGTGTTGAGG-32,m,187
AACTCTTTCACCACCT-32,m,811
AACTCTTTCCCAAGAT-32,none,1637
AACTGGTCAATGGACG-32,m,418
AACTTTCAGCAATCTC-32,m,1354
AACTTTCAGCGCCTTG-32,m,340
AACTTTCAGGCACATG-32,m,265
AAGACCTAGGCTAGAC-32,m,1537
AAGACCTGTCGCATAT-32,m,1228
AAGCCGCAGAGTAATC-32,m,1235
AAGCCGCAGGCATGTG-32,m,1657
AAGCCGCGTCGGCATC-32,g1,125
AAGCCGCTCCTAAGTG-32,m,1843
AAGGAGCAGAGCTGGT-32,m,117
AAGGAGCAGTCATCCA-32,none,1561
AAGGAGCCAGACAGGT-32,m,1022
AAGGAGCCATGCTGGC-32,m,1946
AAGGAGCGTACCGTTA-32,m,1785
AAGGCAGCACGGTGTC-32,m,468
AAGGTTCGTCAATGTC-32,m,1610
AAGGTTCGTCCGCTGA-32,m,214
AAGTCTGAGAGACTTA-32,g1,13
AAGTCTGAGGATTCGG-32,d,1015
AAGTCTGCAGACGCCT-32,m,701
AATCCAGCAATACGCT-32,m,140
AATCCAGGTAGGAGTC-32,m,496
AATCCAGTCATAAAGG-32,m,1142
AATCCAGTCATTGCGA-32,m,1627
AATCCAGTCCTATGTT-32,m,231
AATCGGTCAAACTGTC-32,m,884
AATCGGTCACAACGCC-32,d,861
AATCGGTCAGGGTATG-32,m,286
AATCGGTGTATTCGTG-32,m,164
AATCGGTGTCGGGTCT-32,m,1431
AATCGGTGTGAGGGTT-32,m,149
ACACCAAAGTTAGGTA-32,m,784
ACACCAACAGCCACCA-32,m,6
ACACCAACATGGTCAT-32,d,1616
ACACCAATCCAGTATG-32,m,596
ACACCAATCGTGACAT-32,m,1962
ACACCCTAGCAGATCG-32,m,1668
ACACCCTAGGGTCGAT-32,m,1507
ACACCCTCATTGGGCC-32,m,1001
ACACCCTGTGGTTTCA-32,d,1248
ACACCCTTCCGTAGTA-32,m,1519
ACACCGGAGAATCTCC-32,m,1016
ACACCGGAGGCCATAG-32,m,1082
ACACCGGAGGTAGCCA-32,m,986
ACACCGGAGTCCTCCT-32,m,87
ACACCGGGTCGAACAG-32,m,1338
ACACCGGGTGCGATAG-32,m,213
ACACCGGTCCTAGTGA-32,m,1494
ACACCGGTCCTCCTAG-32,m,1398
ACACCGGTCTCCAGGG-32,m,188
ACACTGAAGTGACATA-32,m,1364
ACACTGATCAACGGGA-32,m,877
ACAGCCGAGCCGATTT-32,m,1965
ACAGCCGAGGGAAACA-32,a1,64
ACAGCCGCATAGACTC-32,m,1516
ACAGCCGCATTTCACT-32,m,1680
ACAGCTAAGAAACGCC-32,m,1332
ACAGCTATCAGTGCAT-32,m,1245
ACAGCTATCTAGCACA-32,m,1513
ACATACGAGCGAAGGG-32,none,1891
ACATACGCAACTGGCC-32,m,1178
ACATACGTCGGATGTT-32,a1,1496
ACATCAGAGACCGGAT-32,m,983
ACATCAGAGGGATCTG-32,d,1428
ACATCAGCAGCGTTCG-32,m,223
ACATGGTGTAGCTTGT-32,m,1874
ACATGGTTCGTTGACA-32,m,1236
ACATGGTTCTGACCTC-32,m,1203
ACCAGTACAATGGAAT-32,m,1888
ACCAGTACATGAGCGA-32,m,1912
ACCAGTAGTTGAACTC-32,m,898
ACCAGTATCAACACCA-32,d,1254
ACCCACTAGAATTGTG-32,m,836
ACCCACTGTCATTAGC-32,m,412
ACCCACTTCAGCATGT-32,none,104
ACCCACTTCGACCAGC-32,m,1640
ACCGTAAAGCGTAATA-32,m,1194
ACCGTAAGTATCACCA-32,a1,327
ACCGTAATCTAGCACA-32,none,1990
ACCTTTATCCTGTAGA-32,g1,1435
ACCTTTATCTGTGCAA-32,m,570
ACGAGCCAGCGTCAAG-32,a1,246
ACGAGCCCACTTAAGC-32,m,1294
ACGAGCCCAGGAACGT-32,m,1259
ACGAGCCGTAGGGTAC-32,m,1198
ACGAGCCTCAACCAAC-32,m,366
ACGAGCCTCAGCATGT-32,m,1534
ACGAGCCTCATCGATG-32,m,97
ACGAGGAAGACGACGT-32,m,334
ACGAGGAAGATCCCGC-32,m,1112
ACGAGGACAATGGAGC-32,d,1824
ACGAGGACACCTCGGA-32,a2,569
ACGAGGAGTAATTGGA-32,d,1234
ACGAGGATCGGAGGTA-32,m,580
ACGATACAGGCAAAGA-32,m,735
ACGATACAGGCAGGTT-32,g3,1409
ACGATACCACATCCGG-32,d,58
ACGATACGTTCGTTGA-32,m,1935
ACGATGTAGAGTGACC-32,m,1900
ACGATGTAGCCTTGAT-32,none,913
ACGATGTCAAGTAGTA-32,m,1117
ACGATGTGTAACGTTC-32,m,1266
ACGATGTTCACGCGGT-32,m,688
ACGCAGCCAGCTATTG-32,d,1361
ACGCAGCGTATGAATG-32,m,1546
ACGCAGCTCGTATCAG-32,m,51
ACGCAGCTCTTCATGT-32,m,503
ACGCCAGAGCGTGTCC-32,a1,1574
ACGCCAGAGTACGCGA-32,d,1502
ACGCCAGAGTGGTCCC-32,m,35
ACGCCAGTCGTCTGAA-32,g1,629
ACGCCAGTCTGCTGCT-32,m,951
ACGCCGAAGAGCTTCT-32,a2,278
ACGCCGACAAGCTGTT-32,m,1688
ACGCCGACACTTAACG-32,m,388
ACGCCGACAGCATACT-32,m,276
ACGCCGACAGGACCCT-32,m,1542
ACGCCGAGTAGAAGGA-32,m,1239
ACGCCGAGTCATGCAT-32,m,600
ACGGAGACACCGAATT-32,m,204
ACGGAGAGTTATTCTC-32,m,1501
ACGGCCACAGCTGCTG-32,m,168
ACGGCCACAGGTTTCA-32,m,1122
ACGGCCAGTTCGCTAA-32,m,16
ACGGGCTCACCCTATC-32,a1,1111
ACGGGCTTCCTAGGGC-32,m,1828
ACGGGCTTCGTGGTCG-32,m,1899
ACGGGTCAGAGCCCAA-32,m,1786
ACGGGTCAGTAGTGCG-32,m,760
ACGGGTCCACGGACAA-32,m,1456
ACGGGTCTCAGCAACT-32,m,1584
ACGGGTCTCATGTCCC-32,m,1840
ACGTCAAAGGTGCTTT-32,m,1520
ACGTCAAAGTTTAGGA-32,g1,133
ACGTCAAGTATCAGTC-32,g1,385
ACGTCAAGTCCTCCAT-32,m,911
ACGTCAAGTGGTGTAG-32,m,992
ACGTCAATCGTTACAG-32,m,1265
ACTATCTAGTGACTCT-32,m,1054
ACTATCTAGTTTGCGT-32,m,1969
ACTATCTCATCGATGT-32,m,26
ACTATCTGTCACTGGC-32,m,492
ACTATCTGTCATGCAT-32,m,1909
ACTGAACCATTTGCCC-32,m,714
ACTGAACGTACCTACA-32,m,1792
ACTGAACGTTCTGTTT-32,m,1789
ACTGAACGTTTGGGCC-32,m,1921
ACTGAACTCGAATGCT-32,g1,1966
ACTGATGAGGCTACGA-32,m,1395
ACTGATGAGTGTACGG-32,g1,1202
ACTGATGCACATCCGG-32,m,456
ACTGATGCATAGACTC-32,m,1960
ACTGATGGTGGCCCTA-32,m,974
ACTGATGTCGCCTGAG-32,m,1098
ACTGCTCAGATGGGTC-32,m,1399
ACTGCTCCAGTTAACC-32,g2,856
ACTGCTCGTTTGGCGC-32,m,177
ACTGCTCTCATCGATG-32,m,332
ACTGTCCCACCACGTG-32,m,966
ACTGTCCGTAAGGGAA-32,d,1150
ACTGTCCGTAGCTGCC-32,m,717
ACTGTCCGTAGGCTGA-32,m,1954
ACTGTCCGTCTTCGTC-32,m,1734
ACTGTCCGTGTGCCTG-32,m,1705
ACTGTCCTCCAATGGT-32,m,1949
ACTTACTAGGGCACTA-32,m,656
ACTTACTCACAGGCCT-32,m,780
ACTTACTCATAGTAAG-32,m,1316
ACTTGTTCAGCTATTG-32,m,1672
ACTTGTTGTGTGTGCC-32,m,1083
ACTTGTTTCAACACCA-32,m,506
ACTTGTTTCGCCTGAG-32,m,1793
ACTTGTTTCTACTCAT-32,m,416
ACTTGTTTCTTGTTTG-32,m,1322
ACTTTCAAGACAGGCT-32,m,1413
ACTTTCACACTGAAGG-32,a1,637
ACTTTCACAGGGTTAG-32,m,1624
ACTTTCACAGTGACAG-32,g1,183
ACTTTCAGTGAAGGCT-32,m,1623
ACTTTCATCCACGCAG-32,m,645
ACTTTCATCCTTGCCA-32,m,737
ACTTTCATCTATCGCC-32,d,1975
AGAATAGAGAAACGAG-32,m,977
AGAATAGCAGTTAACC-32,m,647
AGAATAGGTACTCAAC-32,d,1400
AGAATAGGTTGGTGGA-32,m,435
AGAATAGTCAGCTTAG-32,m,687
AGAATAGTCTGCTTGC-32,m,361
AGACGTTAGCCAGTTT-32,m,968
AGACGTTCAAGTAATG-32,m,905
AGACGTTCAATGTTGC-32,m,947
AGACGTTGTACCAGTT-32,m,1602
AGACGTTTCCTTGACC-32,g1,1056
AGACGTTTCGGAAATA-32,m,1934
AGACGTTTCGGATGGA-32,g1,1628
AGAGCGAAGACCTTTG-32,m,440
AGAGCGACACCGGAAA-32,m,1645
AGAGCGATCATGCATG-32,m,837
AGAGCTTTCTTGAGGT-32,m,1846
AGAGTGGAGATGTAAC-32,m,617
AGAGTGGCACTTCGAA-32,m,203
AGAGTGGCAGGGAGAG-32,g1,924
AGAGTGGCATCCGCGA-32,m,1288
AGAGTGGGTAAGGGAA-32,m,1582
AGAGTGGTCATGCATG-32,m,1556
AGATCTGCATGCATGT-32,m,1313
AGATCTGGTCGCATCG-32,m,1905
AGATCTGTCATGCTCC-32,m,128
AGATTGCCACATTTCT-32,m,989
AGATTGCCACTGTTAG-32,m,1800
AGATTGCCATATGGTC-32,m,1030
AGATTGCCATGTCCTC-32,m,584
AGATTGCTCAACGAAA-32,d,1931
AGATTGCTCCCAAGTA-32,g1,47
AGATTGCTCCGCATAA-32,g1,981
AGATTGCTCTGAGTGT-32,m,1197
AGCAGCCAGCAAATCA-32,m,1339
AGCAGCCAGCCAGTAG-32,m,796
AGCAGCCAGGACAGCT-32,a1,46
AGCAGCCAGTCTCCTC-32,m,1141
AGCAGCCCACGTAAGG-32,m,280
AGCAGCCGTTCCGGCA-32,m,1454
AGCAGCCGTTGATTCG-32,g2,920
AGCATACAGTATCGAA-32,m,1599
AGCATACCAATGCCAT-32,m,114
AGCATACGTTCGCGAC-32,m,1895
AGCATACTCATAGCAC-32,m,193
AGCCTAAGTGTCAATC-32,m,1569
AGCCTAATCATAACCG-32,m,255
AGCCTAATCATGTCTT-32,m,1250
AGCGGTCAGATGCGAC-32,m,1424
AGCGGTCAGCAGCGTA-32,m,1031
AGCGGTCCAAGTCTAC-32,m,1484
AGCGGTCCAGGTCTCG-32,m,1071
AGCGGTCGTACAGTTC-32,m,410
AGCGGTCGTCTACCTC-32,m,292
AGCGTATGTAGCTGCC-32,m,1185
AGCGTCGCAGGATCGA-32,m,1177
AGCGTCGGTACTTAGC-32,m,1344
AGCGTCGGTTAAGTAG-32,m,1161
AGCTCCTAGCACCGTC-32,m,1113
AGCTCCTCAGAGTGTG-32,m,557
AGCTCCTGTCTGGAGA-32,m,1403
AGCTCCTGTGTTGGGA-32,m,112
AGCTCTCCAAGCTGTT-32,m,1727
AGCTCTCGTGGGTATG-32,m,196
AGCTCTCGTGTGGCTC-32,m,1317
AGCTCTCTCTGATTCT-32,m,56
AGCTTGACACTTCTGC-32,m,869
AGCTTGACATTGGCGC-32,m,797
AGCTTGAGTTCCGTCT-32,m,1418
AGGCCACCAAACTGCT-32,m,404
AGGCCACCAATAACGA-32,g1,192
AGGCCACCATGTCGAT-32,m,517
AGGCCACGTTCTGTTT-32,m,1991
AGGCCGTAGAAGAAGC-32,m,804
AGGCCGTAGGGCTTGA-32,m,1156
AGGCCGTCAGGTCTCG-32,a1,670
AGGCCGTCAGTTTACG-32,m,1378
AGGGAGTCAGGTGGAT-32,g1,583
AGGGAGTCATTAGCCA-32,m,1622
AGGGAGTGTGTCAATC-32,m,878
AGGGAGTTCACTCCTG-32,m,162
AGGGATGAGTGTACCT-32,m,779
AGGGATGGTAAATACG-32,m,296
AGGGATGTCACCATAG-32,a1,762
AGGGATGTCCCAACGG-32,m,802
AGGGTGAAGTTCGCAT-32,m,72
AGGTCATAGTACATGA-32,m,613
AGGTCATCAGGCAGTA-32,d,1039
AGGTCATCATATACGC-32,m,1469
AGGTCATGTCAATACC-32,m,475
AGGTCATGTTAAGTAG-32,m,1144
AGGTCATGTTTCGCTC-32,m,355
AGGTCATTCACGCATA-32,m,22
AGGTCCGGTTGATTGC-32,m,708
AGGTCCGTCAGCGACC-32,m,1525
AGGTCCGTCGCATGAT-32,m,1575
AGTAGTCCAAAGTCAA-32,m,1451
AGTAGTCCAACGATGG-32,g2,652
AGTAGTCCACACGCTG-32,g2,12
AGTAGTCCAGCTGGCT-32,m,25
AGTAGTCTCTGCCCTA-32,m,1524
AGTAGTCTCTGGTTCC-32,m,209
AGTCTTTAGAACTCGG-32,a1,3
AGTCTTTCAAGTTGTC-32,g3,1782
AGTCTTTCAATCGGTT-32,m,1704
AGTCTTTGTGATGTCT-32,m,1743
AGTGAGGAGCGTAATA-32,m,1402
AGTGAGGAGGAGTAGA-32,m,1381
AGTGAGGCAAGTCTAC-32,m,662
AGTGAGGTCTGTCTAT-32,m,1724
AGTGGGAAGTAGGTGC-32,m,1410
AGTGGGAGTCAAAGAT-32,m,513
AGTGGGAGTTGGTGGA-32,g1,91
AGTGGGATCATTATCC-32,d,711
AGTGTCACAGCGTCCA-32,m,1881
AGTGTCAGTAAGGATT-32,m,769
AGTGTCAGTACCGGCT-32,m,504
AGTGTCAGTTACTGAC-32,m,1981
AGTTGGTCAAGCCTAT-32,d,351
AGTTGGTCATGAAGTA-32,g1,1817
AGTTGGTGTATTCGTG-32,m,1755
AGTTGGTTCCCGGATG-32,m,1660
AGTTGGTTCGAGAGCA-32,a1,150
AGTTGGTTCGGAGCAA-32,m,234
ATAACGCCAACTGCGC-32,m,116
ATAACGCCACGGTTTA-32,none,1861
ATAACGCGTACATCCA-32,m,1380
ATAACGCGTGCGATAG-32,m,1019
ATAACGCTCAGCTCGG-32,m,1814
ATAAGAGAGACACGAC-32,m,1535
ATAAGAGAGAGTGACC-32,m,1404
ATAAGAGCACTCAGGC-32,d,640
ATAAGAGGTTGCGCAC-32,m,679
ATAAGAGTCGAACTGT-32,a2,1335
ATAAGAGTCTTGCCGT-32,d,518
ATAGACCCAAACGCGA-32,d,1801
ATAGACCCAGTATCTG-32,m,1807
ATAGACCGTAGCAAAT-32,m,1553
ATAGACCGTTCACCTC-32,m,1505
ATAGACCTCTGACCTC-32,m,686
ATCACGAAGGGATCTG-32,m,1357
ATCACGAGTATTCGTG-32,m,1420
ATCACGAGTCACTTCC-32,m,163
ATCACGATCAGATAAG-32,d,1270
ATCACGATCTTCGAGA-32,m,1994
ATCATCTAGAGTACAT-32,m,676
ATCATCTGTACAGTGG-32,m,789
ATCATCTTCAAGAAGT-32,m,1350
ATCATCTTCTGCGGCA-32,m,1360
ATCATGGAGGCCCTTG-32,g1,1474
ATCATGGCAGATCTGT-32,m,1053
ATCATGGCAGCTCCGA-32,g1,1614
ATCATGGTCTTCGGTC-32,m,498
ATCCACCAGTACGCCC-32,m,170
ATCCACCCAGGACCCT-32,m,618
ATCCACCTCAACGCTA-32,m,330
ATCCACCTCCTTAATC-32,m,401
ATCCGAAAGATATACG-32,m,881
ATCCGAAAGGCAATTA-32,d,1916
ATCCGAACATATGCTG-32,m,1193
ATCCGAATCAATACCG-32,m,1729
ATCCGAATCATGCATG-32,m,1172
ATCCGAATCTGTCAAG-32,m,1609
ATCGAGTAGGACGAAA-32,d,1006
ATCGAGTAGGTGATTA-32,m,664
ATCGAGTCACACTGCG-32,m,995
ATCGAGTCACGAAGCA-32,m,1155
ATCTACTAGGACATTA-32,m,781
ATCTACTAGGATGGTC-32,m,630
ATCTACTCATGGAATA-32,m,1304
ATCTACTGTAAATGTG-32,m,1746
ATCTACTGTGTATGGG-32,m,1276
ATCTACTTCGTATCAG-32,m,167
ATCTGCCGTCATGCCG-32,m,1987
ATCTGCCGTCCGAACC-32,m,341
ATCTGCCGTGTGCCTG-32,m,123
ATCTGCCTCAGATAAG-32,m,190
ATCTGCCTCATCGATG-32,m,1358
ATCTGCCTCGATAGAA-32,m,1017
ATCTGCCTCTTGTACT-32,m,1947
ATGAGGGAGTGCGATG-32,m,1675
ATGAGGGAGTGGTCCC-32,m,108
ATGAGGGCATTTCACT-32,m,1995
ATGAGGGGTAGAGGAA-32,m,1088
ATGAGGGTCAGTTAGC-32,m,1367
ATGAGGGTCCAAGCCG-32,m,838
ATGAGGGTCCTGCTTG-32,m,19
ATGAGGGTCGGAATCT-32,m,261
ATGAGGGTCTATCGCC-32,m,1444
ATGCGATAGACAATAC-32,g1,1740
ATGCGATAGCTCCTTC-32,m,198
ATGCGATCACTACAGT-32,m,765
ATGCGATCATTTCACT-32,m,624
ATGCGATGTTGCGTTA-32,m,62
ATGCGATGTTTGTGTG-32,m,939
ATGGGAGAGACGCACA-32,m,1980
ATGGGAGAGATCCGAG-32,m,1480
ATGGGAGAGTCGTACT-32,m,937
ATGGGAGAGTGGGTTG-32,m,1693
ATGGGAGTCAGCTTAG-32,m,1514
ATGGGAGTCGCCCTTA-32,m,1371
ATGTGTGAGACAGACC-32,m,1293
ATGTGTGAGATCCTGT-32,m,1391
ATGTGTGAGGACCACA-32,m,1
ATGTGTGGTGCAACGA-32,m,522
ATGTGTGGTTACGGAG-32,m,1479
ATTACTCCAGCTGTAT-32,m,757
ATTACTCCATGAGCGA-32,m,219
ATTACTCTCGAATCCA-32,m,1143
ATTATCCAGCGTTGCC-32,m,238
ATTATCCGTATAGGGC-32,m,1068
ATTATCCGTCAGAAGC-32,none,145
ATTATCCGTCGGCACT-32,g1,125
ATTATCCGTGCAGTAG-32,m,1581
ATTATCCTCTTCATGT-32,d,1809
ATTCTACAGGCGCTCT-32,m,1939
ATTCTACCAGCATGAG-32,m,466
ATTCTACGTCACTGGC-32,m,1853
ATTCTACTCACTATTC-32,g1,394
ATTCTACTCCGCGGTA-32,m,1742
ATTGGACGTATAGGGC-32,m,233
ATTGGACGTGATGTGG-32,m,1751
ATTGGACTCCCAGGTG-32,m,211
ATTGGTGAGGGCTTCC-32,m,828
ATTGGTGCAATTGCTG-32,m,1012
ATTGGTGCACCACCAG-32,m,1720
ATTGGTGCACGTCAGC-32,a1,1026
ATTGGTGCAGATCTGT-32,g1,799
ATTGGTGGTCTAGTCA-32,m,826
ATTGGTGGTTGTTTGG-32,m,454
ATTTCTGAGACAATAC-32,a1,527
ATTTCTGAGCGCTCCA-32,m,465
ATTTCTGCAATGAATG-32,m,1605
CAACCAACATGCAACT-32,a1,460
CAACCAACATGGGACA-32,m,641
CAACCAACATGGTCAT-32,m,1343
CAACCAAGTGGACGAT-32,m,279
CAACCAAGTGGTGTAG-32,m,576
CAACCAATCTCATTCA-32,m,1327
CAACCTCAGTCCATAC-32,m,210
CAACCTCGTATTACCG-32,g3,1782
CAACCTCGTGAACCTT-32,m,1186
CAACTAGAGAGATGAG-32,m,803
CAACTAGCACTATCTT-32,m,822
CAACTAGTCTATCGCC-32,m,1315
CAAGAAACACCCTATC-32,m,1597
CAAGAAAGTGCAGTAG-32,m,478
CAAGAAATCCATTCTA-32,m,622
CAAGAAATCGGATGTT-32,m,325
CAAGATCAGAACAATC-32,g2,365
CAAGATCAGGAGCGAG-32,d,452
CAAGATCCATCCTAGA-32,m,879
CAAGATCGTTCAACCA-32,m,414
CAAGATCGTTTGCATG-32,m,1321
CAAGGCCAGTTCCACA-32,m,63
CAAGGCCTCTTGTATC-32,m,880
CAAGTTGGTAGCACGA-32,m,1388
CAAGTTGTCACTGGGC-32,m,1714
CAAGTTGTCAGCTCTC-32,g1,1207
CACAAACAGATAGCAT-32,m,747
CACAAACAGTAGATGT-32,m,1443
CACAAACGTAGCGATG-32,m,226
CACAAACGTCTAGCGC-32,m,379
CACAAACTCGTTTAGG-32,m,1046
CACAAACTCTACCAGA-32,none,1009
CACACAAAGCGCCTTG-32,g1,829
CACACAAGTCACTGGC-32,m,540
CACACAATCAGCATGT-32,m,1331
CACACAATCCCTAACC-32,m,1263
CACACAATCCTCGCAT-32,m,489
CACACCTCAAGCCGTC-32,m,1126
CACACCTGTAAAGGAG-32,m,1063
CACACCTGTCGAATCT-32,m,1390
CACACCTTCACTCCTG-32,g1,179
CACACTCAGTCAAGGC-32,m,1557
CACACTCCACGGCCAT-32,d,608
CACACTCGTAGAAGGA-32,none,568
CACAGTATCCATGAAC-32,m,1552
CACATAGAGGGAGTAA-32,a1,525
CACATAGTCGCTTAGA-32,m,43
CACATAGTCTCTGAGA-32,m,1529
CACATAGTCTGGTGTA-32,m,1638
CACATTTAGAAGCCCA-32,d,1188
CACATTTCAGGTCTCG-32,m,923
CACATTTGTCCGAATT-32,m,383
CACATTTTCCGAAGAG-32,m,1383
CACCACTAGCCGGTAA-32,d,1845
CACCACTCATTATCTC-32,g2,755
CACCACTGTGTAACGG-32,d,1669
CACCACTTCAAAGTAG-32,m,181
CACCACTTCTACCTGC-32,g1,1478
CACCAGGAGCTAGCCC-32,m,1747
CACCAGGCATCGTCGG-32,m,1773
CACCAGGGTACCGGCT-32,m,1953
CACCAGGGTGTTCTTT-32,m,1421
CACCTTGCACGGCTAC-32,m,1790
CACCTTGGTAGCGTAG-32,d,1945
CACTCCAAGGATATAC-32,m,952
CACTCCACAATGGACG-32,none,1723
CACTCCACACGACGAA-32,m,1813
CACTCCAGTGTGACCC-32,m,1453
CACTCCAGTTAAAGTG-32,m,1442
CAGAATCCAATAGCGG-32,m,1488
CAGAATCGTACGCACC-32,m,984
CAGAATCTCCGCAAGC-32,a1,1158
CAGAGAGGTAGCAAAT-32,m,494
CAGAGAGGTAGGACAC-32,none,1782
CAGAGAGGTGAGCGAT-32,m,743
CAGAGAGTCCTTGCCA-32,a1,1051
CAGATCAAGGGATCTG-32,g1,1671
CAGATCACAGTTCATG-32,d,1396
CAGATCACATTAGGCT-32,m,1314
CAGATCAGTATAGGTA-32,m,894
CAGATCAGTGTCAATC-32,m,1101
CAGATCATCAAACGGG-32,d,1099
CAGATCATCAGTTGAC-32,g1,1243
CAGATCATCCCTGACT-32,m,1459
CAGCAGCAGGCGATAC-32,none,194
CAGCAGCAGGGCTTGA-32,m,4
CAGCAGCCAAGCGCTC-32,m,152
CAGCAGCGTAGCTGCC-32,m,979
CAGCATAAGACCACGA-32,m,1148
CAGCATAAGAGTTGGC-32,m,1674
CAGCATAGTCTCTTTA-32,g3,969
CAGCATAGTGGCTCCA-32,m,1650
CAGCATAGTTCAACCA-32,m,1555
CAGCATATCACAATGC-32,g1,1325
CAGCATATCCGCAAGC-32,m,476
CAGCCGAAGATACACA-32,m,1081
CAGCCGAAGGCCGAAT-32,m,70
CAGCCGACACAACTGT-32,m,107
CAGCCGACACAGGCCT-32,a2,93
CAGCCGAGTCACCCAG-32,m,767
CAGCCGAGTCCGAGTC-32,a1,514
CAGCCGATCTTGAGGT-32,none,40
CAGCGACAGAGGGATA-32,m,1862
CAGCGACGTTTGTTTC-32,m,841
CAGCGACTCATCACCC-32,m,1548
CAGCGACTCTATGTGG-32,g1,47
CAGCGACTCTTTACAC-32,d,1233
CAGCGACTCTTTAGGG-32,m,1738
CAGCTAAAGAAAGTGG-32,m,658
CAGCTAAAGGTGACCA-32,m,1811
CAGCTAAAGTCGATAA-32,a1,477
CAGCTAACAAGAAAGG-32,m,875
CAGCTAACAAGGTGTG-32,a1,1445
CAGCTAACACGTTGGC-32,g1,1347
CAGCTAAGTCTCTCTG-32,m,768
CAGCTGGAGTCAAGCG-32,m,1618
CAGCTGGCATGCAACT-32,m,1699
CAGGTGCAGCCACGCT-32,m,481
CAGGTGCAGCGATATA-32,m,1076
CAGGTGCGTAACGTTC-32,m,915
CAGGTGCGTCGCGGTT-32,m,819
CAGTAACAGATGTCGG-32,m,1836
CAGTAACCAGATGGGT-32,m,1302
CAGTAACGTTATCCGA-32,m,1570
CAGTCCTAGTTACCCA-32,m,1771
CAGTCCTCACGAAAGC-32,m,370
CAGTCCTCACGCCAGT-32,m,266
CAGTCCTGTGAAAGAG-32,m,313
CAGTCCTTCGACGGAA-32,m,146
CAGTCCTTCGCGTAGC-32,m,1495
CAGTCCTTCTTCGAGA-32,m,1389
CATATGGAGAGGGATA-32,none,268
CATATGGTCTCGTATT-32,m,671
CATATGGTCTGCCAGG-32,m,876
CATATTCAGGGCTTGA-32,g1,71
CATATTCCAGAGTGTG-32,m,552
CATATTCCAGGATCGA-32,m,348
CATATTCGTTCCGGCA-32,m,32
CATATTCTCGCATGGC-32,m,1340
CATATTCTCTTTAGTC-32,d,1950
CATCAAGGTGCCTGCA-32,m,1737
CATCAAGGTTGCGCAC-32,m,675
CATCAGACAGGGTATG-32,a1,113
CATCAGAGTCTAAACC-32,m,126
CATCAGAGTGCACCAC-32,m,373
CATCAGAGTGCAGTAG-32,m,1095
CATCAGATCGAATCCA-32,m,1908
CATCCACCACGGACAA-32,m,528
CATCCACGTTCAGGCC-32,none,677
CATCGAAAGAGTACCG-32,d,885
CATCGAACAGACGCCT-32,m,257
CATCGAATCAAGGTAA-32,a1,109
CATCGAATCGGCTACG-32,m,1277
CATCGGGTCCTTCAAT-32,m,17
CATGACAAGCTAAACA-32,m,1098
CATGACACAATGGAAT-32,m,1544
CATGACAGTGAGTGAC-32,a2,632
CATGACATCTTAGCCC-32,m,318
CATGCCTAGGGAAACA-32,m,1103
CATGCCTCAGTATAAG-32,d,372
CATGCCTTCAGAGGTG-32,m,1685
CATGGCGAGAACAATC-32,m,1153
CATGGCGAGCTCAACT-32,none,1220
CATGGCGAGTACATGA-32,g1,1274
CATGGCGAGTTGAGAT-32,g2,9
CATGGCGCAGATCTGT-32,m,1477
CATGGCGGTATGAAAC-32,m,1936
CATGGCGGTTAAAGTG-32,m,490
CATGGCGGTTCATGGT-32,a1,378
CATGGCGTCGATAGAA-32,none,1864
CATGGCGTCTCTGTCG-32,g1,825
CATTATCCAAGCCTAT-32,m,1847
CATTATCGTGTGCCTG-32,g1,230
CATTATCGTTCACCTC-32,a1,176
CATTCGCCAAATTGCC-32,m,936
CATTCGCGTAAGGATT-32,m,800
CATTCGCGTGCTTCTC-32,d,1219
CATTCGCGTGTGACGA-32,m,602
CATTCGCTCCAAGTAC-32,m,144
CATTCGCTCCTTGACC-32,m,105
CCAATCCAGGATTCGG-32,m,912
CCAATCCAGTCCAGGA-32,m,863
CCAATCCGTAAGTTCC-32,m,216
CCAATCCTCAGTTGAC-32,m,1706
CCAATCCTCTTAACCT-32,g1,281
CCACCTACAACCGCCA-32,m,566
CCACCTAGTCATGCCG-32,m,10
CCACCTAGTGCCTGTG-32,m,352
CCACCTATCATTGCCC-32,g3,1782
CCACCTATCCACTCCA-32,m,124
CCACGGACAAACTGTC-32,m,948
CCACGGACATAGTAAG-32,m,777
CCACGGACATCGACGC-32,m,1264
CCACGGAGTGTAATGA-32,m,1889
CCACGGATCGGAGGTA-32,g1,1190
CCACTACAGATGTGTA-32,m,305
CCACTACAGCTGAAAT-32,m,407
CCACTACAGGCCCTTG-32,m,1855
CCACTACCACAGGTTT-32,m,1728
CCACTACGTAGCTCCG-32,m,52
CCACTACGTTCAGTAC-32,m,73
CCACTACTCGGTTAAC-32,m,473
CCACTACTCTAACGGT-32,m,1646
CCAGCGAAGATGTGTA-32,m,293
CCAGCGAAGGAGTCTG-32,d,2010
CCAGCGACAAATACAG-32,m,1776
CCAGCGAGTTCTGGTA-32,m,1858
CCATGTCAGGCGATAC-32,g1,554
CCATGTCAGTGACTCT-32,m,1757
CCATGTCAGTTATCGC-32,m,950
CCATGTCCACCTGGTG-32,m,1368
CCATGTCGTAAAGTCA-32,m,740
CCATGTCGTCAGAGGT-32,m,1830
CCATGTCTCTGATTCT-32,m,317
CCATTCGCACGGTTTA-32,m,1379
CCATTCGCATATACGC-32,m,815
CCATTCGCATTCCTCG-32,a1,96
CCCAATCAGTCTTGCA-32,m,1374
CCCAATCCAAGCTGTT-32,m,581
CCCAATCGTATATCCG-32,m,1692
CCCAATCGTGTCGCTG-32,d,1648
CCCAATCTCGGTGTCG-32,m,1089
CCCAGTTGTTGGAGGT-32,none,1784
CCCAGTTTCGTGTAGT-32,m,1926
CCCATACTCAGCTCTC-32,a1,64
CCCATACTCAGTGCAT-32,m,1109
CCCATACTCCAAACTG-32,d,1940
CCCTCCTCAATAGCGG-32,m,336
CCCTCCTCATACTACG-32,d,612
CCCTCCTGTGAGTATA-32,m,1128
CCCTCCTGTGGGTCAA-32,m,1097
CCCTCCTGTTTGGGCC-32,m,1287
CCCTCCTTCCTGCCAT-32,g3,761
CCGGGATAGGCAATTA-32,d,519
CCGGGATGTCTAGCCG-32,m,1199
CCGGGATTCTGATTCT-32,m,1701
CCGTACTAGATGTGGC-32,m,1182
CCGTACTAGCCATCGC-32,m,81
CCGTACTAGCCGGTAA-32,m,687
CCGTACTCACGACGAA-32,m,1927
CCGTACTGTAAATACG-32,d,360
CCGTGGACAAGAAAGG-32,d,358
CCGTGGATCGAATCCA-32,m,1696
CCGTTCAAGAGAACAG-32,m,458
CCGTTCACAAGACACG-32,m,417
CCGTTCACACACATGT-32,m,716
CCGTTCACACCGGAAA-32,m,1722
CCGTTCAGTACGCTGC-32,m,428
CCGTTCATCAAGCCTA-32,m,839
CCTAAAGAGCACAGGT-32,g2,856
CCTAAAGCAAAGTCAA-32,m,1240
CCTAAAGCACAGACAG-32,m,1318
CCTAAAGCACCGAAAG-32,a1,1262
CCTAAAGGTATAGGTA-32,m,54
CCTAAAGGTGATAAGT-32,g1,47
CCTAAAGGTTCTGAAC-32,m,95
CCTAAAGTCCTAGTGA-32,m,1114
CCTACACAGATCTGCT-32,none,682
CCTACACAGATGTGTA-32,m,44
CCTACACGTACCATCA-32,g1,76
CCTACACGTGTCGCTG-32,m,7
CCTACACTCCATGCTC-32,none,1149
CCTACCACAGCCAGAA-32,m,1613
CCTACCATCGCCGTGA-32,m,776
CCTAGCTAGAGCTATA-32,m,174
CCTAGCTAGGTGCTTT-32,m,577
CCTAGCTAGTGTCCAT-32,g1,1432
CCTAGCTCAGTTCATG-32,m,967
CCTAGCTGTACAGTTC-32,m,721
CCTAGCTGTGGTGTAG-32,d,1365
CCTAGCTTCCAAAGTC-32,m,1238
CCTATTAGTAGGGACT-32,m,30
CCTATTATCCTGTAGA-32,m,921
CCTATTATCTAACGGT-32,m,1283
CCTCAGTAGACCTTTG-32,g3,1838
CCTCAGTAGAGGACGG-32,m,556
CCTCAGTCAAGAGGCT-32,m,1973
CCTCAGTCAGATAATG-32,m,1029
CCTCAGTGTCGCGAAA-32,m,491
CCTCAGTGTCTAGCCG-32,m,69
CCTCAGTTCAAGCCTA-32,m,901
CCTCAGTTCATCTGCC-32,none,1868
CCTCAGTTCGGCATCG-32,m,357
CCTCAGTTCTAAGCCA-32,m,1572
CCTCTGAAGGTAAACT-32,m,1750
CCTCTGAAGTCCCACG-32,m,855
CCTCTGACAGACAAAT-32,m,668
CCTCTGAGTCGACTGC-32,m,1694
CCTCTGATCATATCGG-32,m,1988
CCTTACGCAATGGAGC-32,m,766
CCTTCCCAGCAGGCTA-32,a1,1955
CCTTCCCCACACAGAG-32,m,870
CCTTCGAAGTCTCGGC-32,m,1951
CCTTCGACACATCCAA-32,m,448
CCTTCGACAGACACTT-32,m,253
CCTTCGACAGTCGATT-32,m,1417
CCTTCGACATGGTCTA-32,m,1159
CCTTCGAGTAAGGATT-32,m,1601
CCTTCGAGTCTTCGTC-32,m,1528
CCTTCGATCTTAACCT-32,m,1013
CCTTTCTAGACACGAC-32,m,955
CCTTTCTCATAACCTG-32,m,1252
CCTTTCTCATACGCCG-32,g1,1268
CCTTTCTGTAGCGCTC-32,m,1871
CCTTTCTTCCAACCAA-32,m,724
CGAACATAGGGCTCTC-32,m,706
CGAACATCATGGGACA-32,a1,327
CGAACATGTTAAGTAG-32,m,247
CGAACATTCATATCGG-32,m,1232
CGAACATTCCATGCTC-32,m,1180
CGAACATTCCGTCAAA-32,m,1998
CGAACATTCTGATACG-32,m,1549
CGAATGTAGTCGCCGT-32,m,810
CGAATGTAGTGCCATT-32,m,900
CGAATGTCAAGGTGTG-32,m,1291
CGAATGTCACGCATCG-32,m,1777
CGAATGTCAGTCAGCC-32,m,858
CGAATGTCATCGATTG-32,m,862
CGAATGTGTGTGACGA-32,m,307
CGAATGTGTTATCGGT-32,m,429
CGAATGTTCTGAAAGA-32,m,377
CGACCTTAGTTGCAGG-32,m,1996
CGACCTTCACATCTTT-32,m,705
CGACCTTCAGTATAAG-32,none,1045
CGACCTTTCAGAGCTT-32,m,323
CGACTTCGTAGAAGGA-32,m,1493
CGACTTCGTCCGTTAA-32,m,328
CGAGAAGAGACCGGAT-32,m,398
CGAGAAGAGCAGACTG-32,d,1774
CGAGAAGCAAGTCTAC-32,m,1275
CGAGAAGTCAACGGCC-32,m,1523
CGAGAAGTCACCAGGC-32,d,573
CGAGAAGTCACCGTAA-32,m,371
CGAGAAGTCACGATGT-32,m,391
CGAGCACCACAAGACG-32,m,1104
CGAGCACTCGTCTGAA-32,g2,1709
CGAGCCACAGCTCCGA-32,m,1808
CGAGCCACATATACCG-32,g1,1025
CGAGCCACATTTGCTT-32,m,1206
CGAGCCAGTAGCGTAG-32,m,1567
CGAGCCAGTCCGAATT-32,m,1055
CGAGCCATCTCCAGGG-32,m,594
CGATCGGCATCGATTG-32,m,376
CGATCGGTCCGGCACA-32,d,1710
CGATGGCCAATCGGTT-32,d,558
CGATGTACATCGGACC-32,d,718
CGATGTAGTCTCCCTA-32,g2,103
CGATGTAGTGTTGGGA-32,m,982
CGATGTAGTTGCGTTA-32,m,136
CGATGTAGTTGGTGGA-32,m,314
CGATGTATCCGGGTGT-32,m,147
CGATGTATCTTAGCCC-32,m,1393
CGATTGAAGACCTAGG-32,m,1726
CGATTGACAGCTGCAC-32,m,1898
CGATTGATCACCAGGC-32,m,864
CGCCAAGAGAGCTGCA-32,a1,524
CGCCAAGCAACACCCG-32,m,549
CGCCAAGCACGGATAG-32,m,1285
CGCCAAGTCCTGCCAT-32,m,1551
CGCCAAGTCTTTAGGG-32,m,1487
CGCGGTACAGCAGTTT-32,m,15
CGCGGTACAGCCAATT-32,m,956
CGCGGTACAGCTCGAC-32,m,363
CGCGGTAGTTGTGGAG-32,m,92
CGCGTTTAGAATGTTG-32,a1,1349
CGCGTTTAGAGTGAGA-32,m,818
CGCGTTTAGATGGCGT-32,m,1406
CGCGTTTCAATAACGA-32,m,324
CGCGTTTGTTAGGGTG-32,m,1831
CGCGTTTTCCTACAGA-32,m,1290
CGCTATCAGACAATAC-32,g1,684
CGCTATCAGCAGATCG-32,m,271
CGCTATCGTCACCTAA-32,g1,1787
CGCTGGACAATGAAAC-32,m,50
CGCTGGAGTGGCCCTA-32,m,1298
CGCTGGATCAGTGCAT-32,d,364
CGCTTCAAGAACAACT-32,m,182
CGCTTCAAGAACTCGG-32,d,1229
CGCTTCAAGACTTGAA-32,m,1401
CGCTTCAAGCATGGCA-32,m,1883
CGCTTCAAGTTATCGC-32,m,926
CGCTTCAGTATCACCA-32,m,175
CGGACACGTTCGGCAC-32,m,1492
CGGACACTCCACGTGG-32,m,1486
CGGACACTCTGTGCAA-32,m,1587
CGGACGTAGCAGATCG-32,m,1430
CGGACGTGTTACAGAA-32,m,843
CGGACGTGTTCCACTC-32,m,90
CGGACGTTCACCGGGT-32,m,1588
CGGACGTTCACTCTTA-32,a2,690
CGGACGTTCGCTGATA-32,m,553
CGGACGTTCGGGAGTA-32,m,548
CGGACGTTCTTGGGTA-32,m,962
CGGACTGAGAGACTAT-32,a1,999
CGGACTGAGCCAGAAC-32,g3,1782
CGGACTGGTACGCTGC-32,m,1000
CGGACTGTCATGGTCA-32,m,1938
CGGACTGTCCCGACTT-32,m,1411
CGGAGCTAGAAACCTA-32,m,1058
CGGAGCTAGTCAAGGC-32,m,892
CGGAGCTCATCCGTGG-32,m,1566
CGGAGCTTCACATAGC-32,m,874
CGGAGCTTCCGTAGTA-32,m,206
CGGAGTCCAGCGATCC-32,m,574
CGGAGTCCATTCTTAC-32,m,941
CGGCTAGAGACGCAAC-32,m,859
CGGCTAGAGTTTCCTT-32,m,1419
CGGCTAGCAGACACTT-32,d,1247
CGGCTAGCATTCACTT-32,m,1169
CGGCTAGTCACTCCTG-32,m,1295
CGGCTAGTCGACAGCC-32,a1,403
CGGGTCAAGCAGCCTC-32,m,499
CGGGTCAAGGTTCCTA-32,m,1414
CGGGTCAGTTACCAGT-32,d,1541
CGGGTCAGTTGTGGCC-32,g1,179
CGGGTCATCTGAGTGT-32,m,1595
CGGTTAACAATCGAAA-32,m,726
CGGTTAAGTTCGAATC-32,m,942
CGTAGCGCATCAGTCA-32,m,267
CGTAGCGTCTTGCATT-32,m,1721
CGTAGGCAGAGCAATT-32,none,590
CGTAGGCAGCCCAATT-32,m,42
CGTAGGCGTATAGTAG-32,m,308
CGTAGGCTCAGTCAGT-32,m,963
CGTCACTAGACTGGGT-32,m,1260
CGTCACTCAGACGTAG-32,m,381
CGTCACTGTACCGAGA-32,m,1036
CGTCACTGTCCGTGAC-32,m,871
CGTCACTGTCGAGTTT-32,m,1366
CGTCACTTCAAGGCTT-32,m,508
CGTCAGGGTTGGTAAA-32,m,342
CGTCAGGTCGCGTTTC-32,g1,2012
CGTCCATCAATCTGCA-32,m,68
CGTCCATGTAGCGTAG-32,g2,1826
CGTCCATGTTCCTCCA-32,m,627
CGTCCATGTTGATTCG-32,d,411
CGTCCATTCACCACCT-32,m,842
CGTCTACAGGCAATTA-32,m,309
CGTCTACCAGCGATCC-32,d,1967
CGTCTACTCTCGATGA-32,d,1657
CGTGAGCAGACGACGT-32,m,495
CGTGAGCTCAACCATG-32,g1,697
CGTGAGCTCACAGTAC-32,m,353
CGTGAGCTCATCATTC-32,m,709
CGTGAGCTCCCTCAGT-32,m,1473
CGTGTCTCAGCTCGAC-32,g2,1802
CGTGTCTGTACCCAAT-32,d,1860
CGTGTCTTCGCAGGCT-32,g3,1782
CGTTAGAAGATCCTGT-32,m,333
CGTTAGAAGCCGTCGT-32,m,67
CGTTAGAAGTTTGCGT-32,m,275
CGTTAGACAATCACAC-32,m,961
CGTTAGACAGACGTAG-32,m,482
CGTTAGATCGTTGCCT-32,m,592
CGTTCTGCAGATTGCT-32,m,1719
CGTTCTGTCAACGGCC-32,m,297
CGTTGGGCACATTAGC-32,m,462
CGTTGGGTCTTGACGA-32,m,1796
CTAACTTAGTACCGGA-32,g1,1765
CTAACTTGTAAGTTCC-32,m,669
CTAACTTGTTCTGAAC-32,m,748
CTAACTTTCATAACCG-32,m,464
CTAAGACCAGGACGTA-32,m,374
CTAAGACGTGGTACAG-32,m,425
CTAAGACTCGCTTAGA-32,m,1422
CTAATGGCAGGCTGAA-32,m,710
CTAATGGCAGTGGAGT-32,m,1821
CTAATGGGTGACTCAT-32,m,84
CTACACCCACCAGATT-32,m,751
CTACACCGTAGAGGAA-32,d,14
CTACACCGTTCGCTAA-32,none,1175
CTACACCTCCTATGTT-32,m,631
CTACATTAGGTACTCT-32,m,1920
CTACATTAGTGGCACA-32,m,970
CTACATTGTGCATCTA-32,m,1730
CTACATTTCAATCTCT-32,m,424
CTACATTTCTCTAGGA-32,g1,29
CTACCCACAATAGAGT-32,m,1005
CTACCCACAGCTTCGG-32,m,1550
CTACCCAGTTCCCTTG-32,m,83
CTACCCATCGTACCGG-32,d,817
CTACCCATCTGTACGA-32,m,1308
CTACGTCAGAGACGAA-32,m,1256
CTACGTCAGCTATGCT-32,m,1762
CTACGTCAGGACGAAA-32,d,1810
CTACGTCCAATGGTCT-32,m,402
CTAGAGTAGCATGGCA-32,m,1215
CTAGAGTGTCGAATCT-32,g1,621
CTAGAGTGTCTCAACA-32,m,1035
CTAGAGTGTTGGTGGA-32,m,1271
CTAGCCTAGTGCGATG-32,m,833
CTAGCCTCAAGCCCAC-32,m,973
CTAGCCTCAGGCGATA-32,m,23
CTAGCCTGTAGAGTGC-32,m,312
CTAGCCTTCAACACAC-32,m,998
CTAGCCTTCCTTAATC-32,m,1499
CTAGTGACAATCGGTT-32,m,745
CTAGTGACATCCCATC-32,d,734
CTAGTGAGTGAAGGCT-32,m,1961
CTAGTGATCGGAGCAA-32,m,1319
CTAGTGATCTCCAACC-32,m,232
CTCACACAGTGGAGAA-32,m,976
CTCACACGTTCAGTAC-32,m,431
CTCACACTCGCCGTGA-32,m,1196
CTCAGAAAGATTACCC-32,m,11
CTCAGAAGTAAGAGGA-32,m,338
CTCAGAATCAAGCCTA-32,g3,1782
CTCAGAATCGCGATCG-32,m,1397
CTCAGAATCTGCAAGT-32,m,1323
CTCATTAAGATCCGAG-32,d,1034
CTCATTACAATAGAGT-32,m,1205
CTCATTACAGACTCGC-32,d,1255
CTCATTAGTAAGGGCT-32,m,1886
CTCATTAGTCTAGTCA-32,d,272
CTCATTAGTTACAGAA-32,m,693
CTCATTATCGGTTCGG-32,m,560
CTCCTAGCAAGTCTGT-32,m,1678
CTCCTAGGTAATAGCA-32,m,601
CTCCTAGTCCGCATCT-32,g1,643
CTCCTAGTCGGTTCGG-32,m,301
CTCCTAGTCTGACCTC-32,m,1904
CTCGAAAGTACAGACG-32,m,1892
CTCGAAAGTGCCTGTG-32,g1,1152
CTCGAAAGTTCATGGT-32,m,502
CTCGAAATCCACGTGG-32,m,691
CTCGAAATCCGTAGTA-32,m,991
CTCGAGGTCATGTCTT-32,m,408
CTCGAGGTCCCAGGTG-32,m,343
CTCGAGGTCCTCCTAG-32,m,1977
CTCGAGGTCTTCTGGC-32,d,1913
CTCGGAGAGGCCCGTT-32,m,1426
CTCGGAGAGGCCCTTG-32,g1,13
CTCGGAGAGGGTCGAT-32,m,945
CTCGGAGAGTTGTCGT-32,m,1108
CTCGGAGCATTTCACT-32,m,375
CTCGGAGTCCATGAGT-32,d,1629
CTCGGGAAGGCAATTA-32,m,387
CTCGGGACAGGAATCG-32,m,516
CTCGGGATCACTGGGC-32,m,437
CTCGTACCATGGTCTA-32,m,1854
CTCGTACGTCAAAGAT-32,m,1483
CTCGTACTCCTTGACC-32,m,208
CTCGTACTCTGTGCAA-32,m,1578
CTCGTACTCTTACCTA-32,g1,746
CTCGTACTCTTGCATT-32,m,259
CTCGTCACACGGCCAT-32,m,706
CTCGTCACATCCGCGA-32,m,1077
CTCGTCAGTGTGGTTT-32,m,1171
CTCGTCAGTTTGTGTG-32,m,295
CTCGTCATCAGCTCGG-32,m,89
CTCTAATAGCCACGTC-32,m,597
CTCTAATCAGTGAGTG-32,m,1134
CTCTAATGTATATCCG-32,m,1279
CTCTAATTCGTGGGAA-32,m,1565
CTCTACGAGTCCAGGA-32,m,949
CTCTACGGTTACGACT-32,m,866
CTCTGGTAGCTAGGCA-32,d,1865
CTCTGGTGTCGCGAAA-32,m,1376
CTCTGGTGTGTGGCTC-32,m,1211
CTCTGGTGTTCATGGT-32,g1,565
CTCTGGTTCCGTACAA-32,m,1485
CTCTGGTTCCTGTAGA-32,d,1170
CTCTGGTTCTTAACCT-32,m,2004
CTGAAACAGCGCTCCA-32,m,1057
CTGAAACAGGTGTTAA-32,d,916
CTGAAACAGTCGATAA-32,d,1665
CTGAAACCACCCATTC-32,m,1253
CTGAAACTCACTTCAT-32,none,1373
CTGAAGTCACCGGAAA-32,m,1959
CTGATAGAGGACTGGT-32,none,1767
CTGATAGCACTGAAGG-32,g1,1740
CTGATAGCACTGTGTA-32,m,1679
CTGATAGGTAGTACCT-32,m,1763
CTGATCCAGGGTGTGT-32,m,326
CTGATCCCAACACCCG-32,g2,834
CTGATCCTCGAGAACG-32,m,1062
CTGATCCTCTGGCGTG-32,m,1475
CTGCCTACAATTGCTG-32,m,151
CTGCCTACACGAGAGT-32,m,101
CTGCCTAGTGTGTGCC-32,m,122
CTGCCTATCATAAAGG-32,m,37
CTGCCTATCGCCAGCA-32,m,854
CTGCGGAAGCTAACAA-32,m,1311
CTGCGGATCACCGGGT-32,m,277
CTGCGGATCGGTGTTA-32,m,161
CTGCTGTAGACTAAGT-32,m,88
CTGCTGTAGCCAGGAT-32,a1,1386
CTGCTGTCACTCGACG-32,d,1761
CTGCTGTGTCAATGTC-32,g2,1439
CTGCTGTTCGTCTGCT-32,a2,1282
CTGCTGTTCTCAACTT-32,m,442
CTGGTCTAGCAGGCTA-32,m,111
CTGGTCTAGGGATGGG-32,m,1337
CTGGTCTAGTTGAGAT-32,m,1210
CTGGTCTAGTTGCAGG-32,m,75
CTGGTCTCAGCTGTAT-32,m,579
CTGGTCTCATAGAAAC-32,m,102
CTGGTCTTCCACTCCA-32,m,1907
CTGTGCTAGTGTCCCG-32,m,1857
CTGTGCTGTTACCAGT-32,m,990
CTGTGCTTCAGCCTAA-32,m,1547
CTGTGCTTCGTTTGCC-32,m,729
CTGTTTAAGACATAAC-32,m,1890
CTGTTTAAGGATATAC-32,m,542
CTGTTTACAGTGGGAT-32,m,1497
CTGTTTAGTCACCTAA-32,m,1033
CTGTTTAGTCTCACCT-32,m,283
CTGTTTAGTGCCTGTG-32,g1,153
CTTAACTAGAGTAAGG-32,m,1160
CTTAACTAGGAGCGTT-32,m,80
CTTAACTCAGTAAGCG-32,m,756
CTTAACTGTGGGTCAA-32,m,914
CTTACCGAGGCGACAT-32,m,77
CTTACCGGTTCTGGTA-32,m,507
CTTAGGAAGAGGTTAT-32,m,1842
CTTAGGAAGCAGCGTA-32,m,1115
CTTAGGACAAGCCCAC-32,m,1509
CTTAGGAGTGCCTGCA-32,m,1635
CTTAGGAGTGTTGAGG-32,m,137
CTTAGGATCATCTGCC-32,d,1223
CTTAGGATCTACTTAC-32,m,24
CTTCTCTAGCTAGTTC-32,m,1933
CTTCTCTAGTGTTTGC-32,d,868
CTTCTCTTCCTTTACA-32,g3,1841
CTTGGCTCAACGATCT-32,m,925
CTTGGCTTCACAGGCC-32,m,274
CTTTGCGAGACAGGCT-32,m,1866
CTTTGCGAGGAGCGTT-32,m,591
CTTTGCGAGGTTCCTA-32,m,1020
CTTTGCGCAATCACAC-32,m,639
CTTTGCGCACGAAGCA-32,m,441
CTTTGCGTCAGCGATT-32,m,1059
CTTTGCGTCTGATTCT-32,m,1835
GAAACTCAGAGGTACC-32,a1,18
GAAACTCGTACACCGC-32,g2,1915
GAAACTCGTACAGCAG-32,m,1079
GAAACTCGTGGAAAGA-32,m,1797
GAAACTCGTTCCATGA-32,m,1147
GAAATGACAAACCCAT-32,m,1218
GAAATGAGTGCAACGA-32,m,510
GAAATGAGTTGTTTGG-32,m,1320
GAAATGATCCTCGCAT-32,m,1964
GAAATGATCTGGCGAC-32,d,775
GAACATCCAAGAGTCG-32,m,687
GAACATCCACAAGTAA-32,m,1441
GAACATCCAGGACCCT-32,m,1526
GAACATCCATTTGCTT-32,m,1901
GAACATCGTACTCAAC-32,m,587
GAACATCTCAATCTCT-32,none,1805
GAACATCTCTCGCTTG-32,m,479
GAACCTAAGATGCCTT-32,m,813
GAACCTAGTGGCAAAC-32,m,449
GAACCTATCCACGAAT-32,m,389
GAACGGAGTTAAGACA-32,none,1167
GAAGCAGGTCCGCTGA-32,m,1504
GAAGCAGGTCGAGATG-32,m,620
GAAGCAGTCAGAGCTT-32,m,994
GAAGCAGTCTTTACAC-32,m,1512
GAATAAGAGTACGCGA-32,m,1749
GAATAAGCACCCATGG-32,m,1885
GAATAAGCATTAGCCA-32,g3,1782
GAATGAAAGGCGCTCT-32,m,1606
GAATGAAGTCGAGATG-32,m,320
GAATGAATCATAAAGG-32,m,1825
GACACGCAGCTACCGC-32,m,1887
GACACGCAGTAGCCGA-32,m,625
GACACGCGTCTAGAGG-32,g1,1695
GACAGAGAGGCCATAG-32,g2,1656
GACAGAGAGGGTGTGT-32,m,531
GACAGAGAGTGCAAGC-32,m,1859
GACAGAGCATCTACGA-32,m,931
GACAGAGCATGCCCGA-32,m,1673
GACAGAGGTAAATACG-32,m,1779
GACAGAGGTGCGGTAA-32,m,20
GACAGAGGTGTGGCTC-32,m,808
GACAGAGTCCGTCATC-32,m,159
GACAGAGTCGCATGGC-32,g1,805
GACCAATCAATGGAAT-32,m,120
GACCAATCACATGACT-32,m,156
GACCAATCAGCCTATA-32,m,321
GACCAATTCCGAGCCA-32,m,929
GACCTGGCACCCAGTG-32,m,1069
GACGCGTAGAATTCCC-32,m,1532
GACGCGTAGGAATCGC-32,m,572
GACGCGTAGGGTTCCC-32,m,1896
GACGCGTCATGAGCGA-32,m,793
GACGCGTGTAAGGATT-32,m,1448
GACGCGTTCAAAGTAG-32,m,814
GACGGCTCAATGTAAG-32,m,1625
GACGGCTGTAACGACG-32,m,1677
GACGGCTTCAAGGTAA-32,m,1087
GACGTGCCACAGCGTC-32,m,1568
GACGTGCCAGCTGTAT-32,m,940
GACGTGCCATTCTTAC-32,a1,346
GACGTGCGTCCCTTGT-32,a1,430
GACGTGCGTTACCGAT-32,m,816
GACGTGCGTTCGGGCT-32,m,827
GACGTTACAGCAGTTT-32,d,251
GACTAACAGCAAATCA-32,m,459
GACTAACCAAACGTGG-32,g3,635
GACTAACCACATCCGG-32,g1,954
GACTAACGTAGCGATG-32,m,1873
GACTAACTCTGAAAGA-32,m,1653
GACTACAAGATGAGAG-32,m,1894
GACTACACAGCATGAG-32,m,1970
GACTACAGTCCATCCT-32,g1,1740
GACTACAGTTTGCATG-32,m,1911
GACTACATCCGTAGGC-32,m,575
GACTACATCTCGAGTA-32,m,1222
GACTGCGAGCGTCAAG-32,m,1658
GACTGCGGTAACGACG-32,m,1086
GACTGCGGTCTAGCGC-32,m,298
GACTGCGGTGCAGTAG-32,g1,1191
GACTGCGTCTGCCCTA-32,m,2009
GAGCAGAAGACCACGA-32,m,21
GAGCAGAAGGCTAGCA-32,none,1919
GAGCAGAAGTGCCAGA-32,m,1476
GAGCAGACACGAAATA-32,a1,832
GAGCAGACATCCCACT-32,m,304
GAGCAGAGTTCAGTAC-32,m,1491
GAGCAGATCCTAGTGA-32,m,902
GAGCAGATCTTACCTA-32,m,2001
GAGGTGAGTCTGGAGA-32,m,934
GAGTCCGAGAAGAAGC-32,m,434
GAGTCCGAGACCTAGG-32,m,1917
GAGTCCGAGACGCAAC-32,m,749
GAGTCCGCACCGGAAA-32,m,1941
GAGTCCGTCGGGAGTA-32,m,380
GATCAGTAGTGTGAAT-32,m,1242
GATCAGTCACCATCCT-32,m,532
GATCAGTCATAGTAAG-32,m,202
GATCAGTCATCCTAGA-32,m,1462
GATCAGTGTCAGCTAT-32,a1,1580
GATCGCGCACAACGCC-32,m,1612
GATCGCGTCCGTCATC-32,d,1041
GATCGTAAGAGGGCTT-32,m,1664
GATCGTAAGTGGTAAT-32,a1,64
GATCGTAGTATAAACG-32,m,965
GATCGTAGTATAGGGC-32,m,1576
GATCGTAGTCGAGATG-32,m,541
GATCGTAGTCTCCACT-32,m,1292
GATCGTAGTTGTGGCC-32,m,1102
GATCGTATCTCACATT-32,g1,1429
GATCGTATCTGCCAGG-32,m,249
GATCTAGAGAGCTGGT-32,g4,184
GATCTAGTCTCGTTTA-32,g2,218
GATGAAAAGAAGGGTA-32,m,904
GATGAAAGTTCAGCGC-32,m,763
GATGAAAGTTCCTCCA-32,a1,795
GATGAAAGTTCGGGCT-32,g1,988
GATGAGGAGAAGATTC-32,m,1204
GATGAGGAGATGTGGC-32,m,1863
GATGAGGAGGAGTTGC-32,m,1925
GATGAGGAGTAAGTAC-32,d,1608
GATGAGGCAACACGCC-32,m,1073
GATGAGGCATCAGTAC-32,m,595
GATGAGGGTCATGCAT-32,m,1201
GATGAGGGTGATGCCC-32,g1,497
GATGCTACAGCCAATT-32,m,1687
GATGCTAGTTAAGAAC-32,m,1008
GATTCAGCAATGTTGC-32,g2,659
GATTCAGCAGGTGCCT-32,d,2002
GATTCAGTCCGCGCAA-32,m,1212
GATTCAGTCTTGTCAT-32,d,1002
GCAAACTCAGACTCGC-32,m,785
GCAAACTGTAATCGTC-32,m,738
GCAAACTGTATAGGTA-32,m,1651
GCAATCAAGGGTGTGT-32,m,1518
GCAATCAAGGTTACCT-32,m,849
GCAATCACAGTCAGCC-32,m,61
GCAATCAGTAAGAGAG-32,m,1676
GCAATCAGTCAAAGAT-32,m,521
GCAATCAGTTGGGACA-32,m,1300
GCAATCATCAGGCCCA-32,m,331
GCACATATCCTGCCAT-32,a1,327
GCACTCTAGTGGTAGC-32,d,792
GCACTCTTCAGGCCCA-32,g3,1782
GCAGCCAAGCCTATGT-32,g1,415
GCAGCCACATTTCAGG-32,m,1770
GCAGCCAGTATTCTCT-32,m,782
GCAGCCATCCCATTTA-32,m,1162
GCAGCCATCGTCTGCT-32,m,633
GCAGTTAAGGTCGGAT-32,m,1788
GCAGTTACATCAGTAC-32,g2,605
GCAGTTAGTCAGAAGC-32,m,485
GCATGATAGCTGATAA-32,m,657
GCATGATGTGCCTGTG-32,m,1094
GCATGATTCTACCTGC-32,m,1741
GCATGCGCACAGGCCT-32,m,607
GCATGCGGTAGCCTCG-32,m,1224
GCATGCGGTCTAAACC-32,m,1739
GCATGCGGTTCCTCCA-32,m,1080
GCATGCGGTTGATTCG-32,m,1457
GCATGCGTCGTAGGAG-32,m,1157
GCATGTACAGCTGCAC-32,m,1346
GCATGTACATCTCCCA-32,m,1932
GCATGTAGTAACGACG-32,g2,501
GCATGTATCTTGAGGT-32,m,1914
GCCAAATAGAGGGATA-32,m,1617
GCCAAATAGATAGCAT-32,a1,646
GCCAAATAGCGTCAAG-32,m,256
GCCAAATCAGTCACTA-32,m,1066
GCCAAATGTTTCGCTC-32,d,1984
GCCAAATTCAGCATGT-32,m,634
GCCTCTACATTTGCCC-32,a1,327
GCCTCTAGTAGCGTCC-32,m,1105
GCCTCTATCACAAACC-32,m,530
GCCTCTATCGCAAACT-32,m,1643
GCGACCAGTTATGTGC-32,m,529
GCGACCAGTTCTGTTT-32,m,1731
GCGAGAAGTACCAGTT-32,m,289
GCGAGAATCGCGATCG-32,m,993
GCGCAACAGAAGATTC-32,m,1341
GCGCAACAGCGTCTAT-32,m,1517
GCGCAACAGCTATGCT-32,m,1906
GCGCAGTCAGGATTGG-32,m,1766
GCGCAGTGTCGACTAT-32,m,438
GCGCAGTTCCACGTGG-32,m,86
GCGCAGTTCGTGTAGT-32,m,1023
GCGCCAAAGATCCGAG-32,m,1918
GCGCCAACACAGAGGT-32,m,217
GCGCCAAGTGACGCCT-32,g2,1289
GCGCCAATCTGCTTGC-32,d,1522
GCGCGATAGAAACCGC-32,m,1363
GCGCGATAGAAGGTGA-32,m,1615
GCGCGATAGTGGACGT-32,a1,727
GCGCGATCATGCGCAC-32,m,853
GCGCGATGTCCGTTAA-32,m,474
GCGCGATGTTATGCGT-32,m,390
GCGCGATTCAACACAC-32,m,1329
GCGCGATTCGCCCTTA-32,m,1372
GCGCGATTCTCAAACG-32,m,426
GCGGGTTAGCAATATG-32,m,1880
GCGGGTTCACCTATCC-32,m,1948
GCGGGTTCACGAAATA-32,m,236
GCGGGTTGTCAATGTC-32,m,850
GCTCCTAGTCATCCCT-32,m,453
GCTCCTAGTTTGTGTG-32,g4,1014
GCTCCTATCAGTACGT-32,g1,240
GCTCCTATCGTATCAG-32,m,1652
GCTCCTATCTGCAAGT-32,m,1527
GCTCCTATCTTTCCTC-32,m,1040
GCTCTGTCAGCATGAG-32,m,85
GCTCTGTTCGACGGAA-32,m,393
GCTCTGTTCTCTGTCG-32,m,1760
GCTGCAGAGCTAGGCA-32,g1,642
GCTGCAGCACGGTAGA-32,m,707
GCTGCAGCAGGAATGC-32,m,282
GCTGCAGGTAAATACG-32,m,847
GCTGCGAAGTCGAGTG-32,a1,127
GCTGCGACAAATCCGT-32,m,644
GCTGCTTGTAGAGGAA-32,m,1181
GCTGCTTTCAACTCTT-32,d,1718
GCTGGGTCAGAGTGTG-32,m,551
GCTGGGTCATCGGGTC-32,m,1184
GCTGGGTGTCTTTCAT-32,m,419
GCTGGGTTCAGGCGAA-32,m,674
GCTGGGTTCGAACGGA-32,m,1251
GCTTCCAAGAGGACGG-32,m,559
GCTTCCAAGCTAAACA-32,g1,1968
GCTTCCAGTCATTAGC-32,m,1326
GCTTCCAGTGCTGTAT-32,m,713
GCTTGAAAGCAGGCTA-32,m,1072
GCTTGAAAGGACACCA-32,m,1937
GCTTGAACAGCTATTG-32,m,571
GCTTGAAGTCCAGTGC-32,m,244
GCTTGAAGTTGTTTGG-32,m,1833
GCTTGAATCGGCGGTT-32,d,200
GCTTGAATCTGAAAGA-32,m,918
GGAAAGCAGGCCATAG-32,g1,1834
GGAAAGCCAGCTGTGC-32,m,788
GGAAAGCTCGCCAGCA-32,m,1272
GGAAAGCTCTGAGGGA-32,none,1356
GGAACTTAGCGATAGC-32,m,1065
GGAATAACACTATCTT-32,m,1812
GGAATAACATGTAGTC-32,m,505
GGAATAAGTAATTGGA-32,m,1342
GGAATAAGTTGTCGCG-32,m,653
GGAATAATCAGCTCGG-32,m,603
GGAATAATCGGAAACG-32,m,616
GGACAAGAGATCTGAA-32,m,2
GGACAAGAGGCAGGTT-32,m,903
GGACAAGGTGGTTTCA-32,m,1090
GGACAAGTCAACTCTT-32,m,1183
GGACAAGTCACATAGC-32,m,534
GGACAAGTCGGAAACG-32,m,245
GGACAAGTCTGCCAGG-32,d,1986
GGACAGAAGACCACGA-32,m,1375
GGACAGAAGATAGGAG-32,a1,134
GGACAGAAGCTGTCTA-32,m,1028
GGACAGAGTGGCAAAC-32,m,1132
GGACAGATCCCTCAGT-32,m,922
GGACATTCAACTGCGC-32,m,1636
GGACATTCAATGCCAT-32,m,224
GGACATTCAGCGTTCG-32,m,547
GGACATTGTCCATCCT-32,d,520
GGACATTTCAACACCA-32,m,273
GGACGTCAGACTAGAT-32,m,1021
GGACGTCAGAGGGCTT-32,m,1273
GGACGTCAGGACACCA-32,g1,1882
GGACGTCAGGCATGTG-32,m,1192
GGAGCAAAGGGCTCTC-32,m,242
GGAGCAACACCTGGTG-32,m,655
GGAGCAAGTCGAATCT-32,m,946
GGAGCAATCGGTTAAC-32,m,619
GGAGCAATCTCAACTT-32,m,237
GGATGTTAGATACACA-32,m,409
GGATGTTGTAATCACC-32,m,975
GGATGTTGTGATAAAC-32,m,94
GGATTACTCATGTGGT-32,g1,1237
GGCAATTAGATAGGAG-32,m,1585
GGCAATTAGCTGCAAG-32,g2,1614
GGCAATTCATGGGACA-32,m,1070
GGCCGATAGGGTCGAT-32,d,1799
GGCCGATCACAGCGTC-32,d,1943
GGCCGATCACGCTTTC-32,m,185
GGCCGATCAGATCTGT-32,a1,626
GGCCGATCATGACGGA-32,m,1135
GGCCGATCATTCGACA-32,m,821
GGCCGATGTCCAGTTA-32,m,1450
GGCGACTAGTGGGATC-32,d,45
GGCGACTCAGATAATG-32,m,830
GGCGACTCAGGACGTA-32,m,1702
GGCGACTGTAATCGTC-32,m,1603
GGCGACTGTTCGGGCT-32,d,1884
GGCGACTGTTTGGGCC-32,m,306
GGCGACTTCTGTCTAT-32,g1,790
GGCGTGTGTCCTCTTG-32,m,935
GGCGTGTTCCTATTCA-32,m,650
GGCTCGAAGACTGGGT-32,m,1434
GGCTCGAAGGTAAACT-32,m,770
GGCTCGAAGGTCGGAT-32,d,1870
GGCTCGACATCTGGTA-32,m,695
GGCTCGAGTCCGAATT-32,m,143
GGCTCGAGTCGAGTTT-32,m,1758
GGCTGGTTCCTGTAGA-32,m,1976
GGGAATGAGCGAGAAA-32,m,138
GGGAATGCAACACCCG-32,m,1589
GGGAATGCAAGTCTGT-32,m,356
GGGAATGTCTCTAAGG-32,m,1048
GGGACCTAGAAGGCCT-32,m,1881
GGGACCTGTTACTGAC-32,m,1923
GGGACCTTCGCAAACT-32,m,1482
GGGACCTTCTTGAGAC-32,g1,395
GGGAGATAGAGTGACC-32,a1,258
GGGAGATGTATATCCG-32,m,611
GGGAGATGTCCTAGCG-32,m,1711
GGGAGATGTCTCCATC-32,m,764
GGGAGATGTGCAACGA-32,m,1850
GGGATGACATCCTAGA-32,m,48
GGGATGAGTACCGCTG-32,m,919
GGGATGAGTCTCTCGT-32,m,758
GGGATGAGTCTCTCTG-32,m,302
GGGATGAGTTCATGGT-32,m,1997
GGGCACTAGACAATAC-32,m,1280
GGGCACTCAACGCACC-32,g2,1614
GGGCACTCATCGGTTA-32,m,681
GGGCACTGTCACCCAG-32,m,1168
GGGCACTGTCAGCTAT-32,d,1521
GGGCACTGTCGAAAGC-32,a1,327
GGGCACTTCAAGGTAA-32,a1,544
GGGCACTTCCCGACTT-32,m,1963
GGGCACTTCTGGCGAC-32,g1,248
GGGCATCAGACTGGGT-32,a1,327
GGGCATCGTCGTGGCT-32,m,172
GGGCATCTCAGTGTTG-32,m,1438
GGGCATCTCGGTGTTA-32,m,1778
GGGCATCTCTGTCAAG-32,m,43
GGGTCTGAGGAGCGTT-32,m,636
GGGTCTGCAGTCTTCC-32,m,1385
GGGTCTGGTGGCAAAC-32,m,1305
GGGTCTGTCACAGTAC-32,m,1384
GGGTTGCAGCCATCGC-32,m,1829
GGGTTGCCAGAAGCAC-32,m,696
GGGTTGCCATAAGACA-32,m,1461
GGGTTGCCATTTGCCC-32,m,773
GGGTTGCGTAGCGTGA-32,m,943
GGTATTGAGGCCCGTT-32,m,303
GGTATTGAGGCGCTCT-32,m,857
GGTATTGAGTGGAGTC-32,m,1416
GGTATTGTCGTTTATC-32,m,1269
GGTGAAGAGAGCTTCT-32,m,960
GGTGAAGAGTGTTAGA-32,m,906
GGTGAAGGTGCCTGTG-32,m,420
GGTGAAGTCAACGGGA-32,m,703
GGTGAAGTCGGAAACG-32,m,1659
GGTGCGTAGATATGGT-32,m,1187
GGTGCGTCAGTGAGTG-32,a2,400
GGTGCGTCATCCGTGG-32,m,1049
GGTGCGTGTTAGAACA-32,g1,1897
GGTGCGTTCACTCCTG-32,m,319
GGTGCGTTCCGAACGC-32,m,1377
GGTGCGTTCCTTTCGG-32,m,567
GGTGCGTTCTGCAAGT-32,d,443
GGTGTTAAGCTGTCTA-32,m,141
GGTGTTACAGATCTGT-32,g1,28
GGTGTTAGTAGGGTAC-32,m,1189
GTAACGTCAGGGTACA-32,m,882
GTAACGTGTAAACGCG-32,m,1598
GTAACGTGTACCATCA-32,a1,835
GTAACGTGTCCGTTAA-32,m,1732
GTAACGTTCTAACGGT-32,m,1663
GTAACTGAGAGGTTAT-32,m,1804
GTAACTGAGAGTAATC-32,d,1560
GTAACTGAGCTTCGCG-32,m,368
GTAACTGAGGGTATCG-32,d,1131
GTAACTGCAACGATCT-32,m,1849
GTACGTACACTTAACG-32,m,350
GTACGTAGTCGATTGT-32,m,1230
GTACGTAGTGAGGGAG-32,g1,38
GTACGTATCACCGGGT-32,m,1559
GTACGTATCTATCCCG-32,m,119
GTACGTATCTTACCGC-32,m,1869
GTACTCCAGCTACCTA-32,g1,648
GTACTCCCAGGCAGTA-32,m,232
GTACTCCGTATAAACG-32,m,1983
GTACTCCTCGCTGATA-32,m,59
GTACTCCTCTGATACG-32,m,49
GTACTTTAGTGGGCTA-32,m,369
GTACTTTCATATGAGA-32,m,1655
GTACTTTGTCTGATCA-32,m,300
GTAGGCCAGAGTCTGG-32,m,1753
GTAGGCCCATAGTAAG-32,m,34
GTAGGCCGTCCGAGTC-32,m,1632
GTAGGCCGTCGGCACT-32,m,1447
GTAGGCCGTTGAACTC-32,m,1091
GTAGGCCTCAACGAAA-32,m,1118
GTAGTCAAGTGGTCCC-32,m,445
GTAGTCAGTTCACCTC-32,m,169
GTATCTTAGAATGTGT-32,m,638
GTATCTTAGAGTCGGT-32,m,1387
GTATCTTCAGCCTTGG-32,d,1471
GTATCTTCATACTACG-32,m,447
GTATCTTTCGTCCGTT-32,none,384
GTATTCTAGACATAAC-32,m,809
GTATTCTCACGACTCG-32,d,1783
GTATTCTGTGACTACT-32,m,1957
GTATTCTTCTGCCCTA-32,m,1018
GTCAAGTCAACTGCTA-32,m,1408
GTCAAGTGTATGAATG-32,a1,339
GTCAAGTGTGCACTTA-32,m,269
GTCAAGTTCGCCTGTT-32,g1,1195
GTCAAGTTCGCTGATA-32,m,1594
GTCACAAAGATATGGT-32,m,270
GTCACAAAGATCCGAG-32,a1,235
GTCACAAGTCGTCTTC-32,m,1116
GTCACAAGTTGGTTTG-32,a1,64
GTCACAATCAACGCTA-32,m,290
GTCACGGAGTCATGCT-32,m,1124
GTCACGGAGTTGCAGG-32,m,1328
GTCACGGCACACGCTG-32,g1,1689
GTCACGGCACATGGGA-32,m,971
GTCACGGCAGGAATGC-32,m,1367
GTCACGGGTTACGCGC-32,m,741
GTCACGGTCATATCGG-32,m,463
GTCATTTAGCAGGTCA-32,a1,865
GTCATTTAGCCACGCT-32,a1,867
GTCATTTAGGTGCTAG-32,m,1604
GTCATTTCAGGAACGT-32,m,135
GTCATTTCAGTCACTA-32,a1,564
GTCATTTGTTACGACT-32,m,359
GTCCTCAAGAAACCAT-32,m,719
GTCCTCAAGACTTGAA-32,m,1583
GTCCTCACAGCGAACA-32,m,227
GTCCTCAGTAGAAAGG-32,m,335
GTCCTCATCAGTACGT-32,m,1564
GTCCTCATCATTGCCC-32,m,1468
GTCCTCATCTACGAGT-32,m,422
GTCCTCATCTTCAACT-32,m,774
GTCGGGTGTCATTAGC-32,m,1423
GTCGGGTTCATCGCTC-32,d,121
GTCGGGTTCCACGACG-32,m,8
GTCGGGTTCCTATGTT-32,d,55
GTCGGGTTCGGACAAG-32,m,180
GTCGTAACACAGTCGC-32,m,2000
GTCGTAATCAGATAAG-32,m,649
GTCGTAATCCACGTGG-32,m,1075
GTCTCGTAGTGTACTC-32,m,1579
GTCTCGTCAGTGGAGT-32,m,712
GTCTCGTCATCACCCT-32,a1,848
GTCTCGTCATGTTGAC-32,m,665
GTCTCGTGTCAGATAA-32,m,291
GTCTCGTGTGTCCTCT-32,m,1533
GTCTCGTTCGTGGACC-32,a1,670
GTCTTCGAGTATCTCG-32,m,1884
GTCTTCGTCAACACCA-32,m,778
GTCTTCGTCACTCCTG-32,d,562
GTCTTCGTCTTGTATC-32,g4,1782
GTGAAGGCAGCTGGCT-32,m,1944
GTGAAGGGTAGGGACT-32,d,523
GTGAAGGTCATCATTC-32,m,367
GTGAAGGTCGCTAGCG-32,d,599
GTGAAGGTCTTACCGC-32,m,1227
GTGCAGCAGACTTGAA-32,m,79
GTGCAGCCACGGCGTT-32,d,1217
GTGCAGCCAGTAAGAT-32,m,1626
GTGCAGCGTTGATTCG-32,g4,1782
GTGCAGCTCTCGATGA-32,m,337
GTGCAGCTCTCGTATT-32,m,444
GTGCATAAGAGGGATA-32,m,1685
GTGCATACAACTGCGC-32,g2,704
GTGCATACACTAAGTC-32,m,1151
GTGCATAGTAGCAAAT-32,m,907
GTGCATAGTTGCGTTA-32,m,909
GTGCGGTAGATGCCTT-32,m,783
GTGCGGTAGCCGATTT-32,m,1545
GTGCTTCCACGACGAA-32,d,1067
GTGCTTCCACGAGAGT-32,m,1989
GTGCTTCGTGGTAACG-32,m,873
GTGGGTCGTCATCGGC-32,m,615
GTGGGTCGTCCTCTTG-32,m,392
GTGGGTCGTCGTGGCT-32,m,883
GTGGGTCGTTGCCTCT-32,m,285
GTGGGTCTCATACGGT-32,m,1093
GTGGGTCTCCGGCACA-32,m,1351
GTGTGCGAGTAGGCCA-32,m,958
GTGTGCGTCATAGCAC-32,m,1138
GTGTGCGTCGGACAAG-32,m,1902
GTGTGCGTCTTAGAGC-32,a1,327
GTGTTAGAGCCCAATT-32,m,1539
GTGTTAGCACACCGCA-32,m,930
GTGTTAGGTGTAACGG-32,m,1433
GTGTTAGGTTCGCGAC-32,m,493
GTTAAGCCAGTAGAGC-32,m,1708
GTTAAGCGTGATGTCT-32,a1,509
GTTAAGCTCGATGAGG-32,g1,158
GTTACAGAGAAGGGTA-32,m,537
GTTACAGCAAGGACTG-32,m,287
GTTACAGCACCTATCC-32,a1,288
GTTACAGGTGAACCTT-32,g1,1611
GTTACAGGTTGGTTTG-32,m,455
GTTCATTAGACTTTCG-32,m,439
GTTCATTAGTGTACTC-32,a1,327
GTTCATTCAGTCCTTC-32,g1,791
GTTCATTTCGCCCTTA-32,m,887
GTTCGGGCACGTTGGC-32,m,1226
GTTCTCGAGCCGTCGT-32,m,672
GTTCTCGGTCGCGAAA-32,a1,327
GTTCTCGGTGGTTTCA-32,m,1725
GTTCTCGTCGTTGACA-32,m,1231
GTTCTCGTCTGTCTAT-32,d,1684
GTTTCTAGTCAATGTC-32,m,1352
GTTTCTAGTGTTTGTG-32,m,1110
GTTTCTATCGCACTCT-32,d,1791
TAAACCGAGAATTCCC-32,m,157
TAAACCGAGCAGACTG-32,m,978
TAAACCGAGGAGTTGC-32,d,1139
TAAACCGCACAGGAGT-32,m,78
TAAACCGCAGAGTGTG-32,m,60
TAAACCGGTGGCTCCA-32,m,432
TAAACCGTCAAGAAGT-32,m,186
TAAACCGTCACAGGCC-32,m,651
TAAGAGAAGACAAAGG-32,m,997
TAAGAGAAGCGTGAAC-32,m,299
TAAGAGAAGGATTCGG-32,m,1440
TAAGAGAGTACCAGTT-32,m,1596
TAAGAGAGTTGTGGAG-32,m,39
TAAGAGATCCTCATTA-32,m,1649
TAAGAGATCGGAAACG-32,m,252
TAAGCGTGTTCCTCCA-32,a1,1590
TAAGTGCAGATCACGG-32,m,1120
TAAGTGCCACGGTAGA-32,m,232
TAAGTGCCAGCTGCAC-32,m,1455
TAAGTGCCATTCTTAC-32,m,1713
TACACGAAGCACAGGT-32,g2,896
TACACGACAGTATGCT-32,m,480
TACACGATCCTCAACC-32,g2,860
TACAGTGAGGCGTACA-32,m,1127
TACAGTGCAAGTCTGT-32,m,1098
TACAGTGCAGATGGCA-32,m,148
TACAGTGGTTACGTCA-32,d,1531
TACAGTGGTTCTGGTA-32,a1,250
TACAGTGTCCGAACGC-32,m,1620
TACCTATTCTCAACTT-32,d,1369
TACCTTAAGACCCACC-32,m,533
TACCTTAAGTATGACA-32,a1,1634
TACCTTATCCGCAGTG-32,m,1044
TACCTTATCGCGATCG-32,m,1942
TACGGATAGAAAGTGG-32,g1,1852
TACGGATCAAGTACCT-32,m,1573
TACGGATCATGGTCTA-32,m,405
TACGGGCAGGGCTTCC-32,m,1827
TACGGGCGTACCATCA-32,m,36
TACGGGCTCCATTCTA-32,m,550
TACGGTAAGCACAGGT-32,m,1407
TACGGTACAGCATACT-32,m,1686
TACGGTACAGCCACCA-32,d,1038
TACGGTAGTATGCTTG-32,d,840
TACGGTATCACTTACT-32,m,1098
TACGGTATCGTTTGCC-32,m,284
TACTCATAGATCGGGT-32,m,1121
TACTCATCAAAGTGCG-32,m,294
TACTCATGTAAGAGGA-32,a1,399
TACTCATTCAGAAATG-32,m,1085
TACTCATTCCACGCAG-32,m,2005
TACTCGCCACATTAGC-32,m,1466
TACTCGCCATATGAGA-32,m,467
TACTCGCCATTGGCGC-32,a1,173
TACTCGCGTGACGCCT-32,m,1823
TACTCGCTCGGGAGTA-32,m,1707
TACTTACCATCACCCT-32,d,1209
TACTTGTAGACCTTTG-32,d,1768
TACTTGTGTAACGTTC-32,m,742
TACTTGTGTTAGATGA-32,m,1301
TACTTGTTCCGCGCAA-32,g1,125
TAGACCAGTATTCGTG-32,a1,178
TAGACCATCCGCGGTA-32,m,614
TAGAGCTAGTTCCACA-32,m,1154
TAGAGCTGTGGCGAAT-32,a2,678
TAGAGCTTCCGCATAA-32,m,1137
TAGCCGGCAATAAGCA-32,m,1145
TAGCCGGCAGACAAAT-32,m,806
TAGCCGGGTCCGAGTC-32,m,41
TAGCCGGGTTGGGACA-32,m,578
TAGGCATCAGCTGGCT-32,g1,382
TAGGCATGTTCCACAA-32,m,1490
TAGTGGTAGTGTTTGC-32,m,469
TAGTGGTCAAGCGAGT-32,m,1024
TAGTGGTCAAGGCTCC-32,d,1258
TAGTGGTTCGTCCAGG-32,m,1449
TAGTGGTTCGTCGTTC-32,m,1875
TAGTTGGAGATAGCAT-32,d,960
TAGTTGGAGCGTTGCC-32,m,588
TAGTTGGCAAGCGAGT-32,a1,130
TAGTTGGCAGGTGCCT-32,m,1166
TAGTTGGGTACCGAGA-32,m,1816
TATCAGGAGACGCACA-32,m,1064
TATCAGGAGGCCCTTG-32,d,824
TATCTCACACGTCAGC-32,m,1140
TATCTCATCCGCGCAA-32,m,1922
TATCTCATCTCGATGA-32,m,1910
TATGCCCGTACAGTGG-32,m,1856
TATTACCAGCAAATCA-32,m,1877
TATTACCCAGCCTTGG-32,m,345
TATTACCCAGGCTGAA-32,m,1221
TATTACCTCTCATTCA-32,m,872
TCAACGAAGTAGTGCG-32,m,1703
TCAACGACAAGGACTG-32,m,692
TCAACGACAATTGCTG-32,m,486
TCAACGACACAGCCCA-32,m,606
TCAATCTAGATGTAAC-32,m,118
TCAATCTAGTTAGGTA-32,d,1174
TCAATCTCAGATCTGT-32,m,2003
TCAATCTGTATAGTAG-32,m,98
TCAATCTGTTCCACAA-32,m,1078
TCACAAGAGGATGTAT-32,m,844
TCACAAGAGTTTCCTT-32,m,315
TCACAAGGTCTCCCTA-32,m,944
TCACAAGGTTAAGGGC-32,m,1470
TCACAAGGTTCATGGT-32,d,1257
TCACGAACAGCTGTGC-32,m,1958
TCACGAACAGTTAACC-32,m,654
TCACGAAGTATAGGGC-32,a2,694
TCACGAAGTCAGAGGT-32,m,1795
TCACGAATCTATCCCG-32,m,1503
TCAGATGAGCTCCTCT-32,m,483
TCAGATGAGGCATGGT-32,m,1511
TCAGATGCAATCCGAT-32,m,543
TCAGATGCAGAGTGTG-32,m,1437
TCAGATGCAGGCTGAA-32,m,1924
TCAGATGGTAGCAAAT-32,m,908
TCAGATGGTTACGGAG-32,m,1928
TCAGATGTCGGCGCAT-32,m,773
TCAGATGTCTTCTGGC-32,a1,1992
TCAGCTCAGACTAGAT-32,m,1775
TCAGCTCGTCGCCATG-32,d,731
TCAGCTCGTGTAACGG-32,m,1096
TCAGCTCGTGTGCGTC-32,m,891
TCAGCTCGTTCAGCGC-32,m,1179
TCAGGATAGACAGAGA-32,m,1510
TCAGGATGTTCCACTC-32,m,787
TCAGGATTCAAACGGG-32,m,1748
TCAGGATTCCCTAATT-32,none,1306
TCAGGATTCCGGCACA-32,m,545
TCAGGATTCTGGTGTA-32,m,264
TCAGGTAAGTCGCCGT-32,m,1333
TCAGGTATCACGATGT-32,d,959
TCATTACAGCTAGTCT-32,m,1463
TCATTACAGGCCATAG-32,m,1818
TCATTTGCAAGGACAC-32,d,1208
TCATTTGCAATGGTCT-32,m,539
TCATTTGGTAAGAGAG-32,m,1436
TCATTTGGTTCTCATT-32,m,1508
TCCACACCAGTATGCT-32,m,1979
TCCACACCATATGCTG-32,m,1489
TCCACACGTGTAAGTA-32,m,311
TCCACACTCATCATTC-32,m,1353
TCCACACTCCCTAATT-32,m,201
TCCCGATAGTAATCCC-32,m,1952
TCCCGATGTGGGTCAA-32,m,1563
TCCCGATTCGGCGCTA-32,m,953
TCGAGGCAGCCAGAAC-32,m,744
TCGAGGCAGTGTACGG-32,m,1848
TCGAGGCCAAGCCGCT-32,m,888
TCGAGGCGTGCCTGTG-32,m,972
TCGAGGCTCACGAAGG-32,a1,327
TCGAGGCTCCGTTGTC-32,d,750
TCGCGAGAGATTACCC-32,d,1336
TCGCGAGCAGATGGGT-32,m,362
TCGCGAGCATGCCTTC-32,d,1803
TCGCGAGTCACCATAG-32,m,786
TCGCGTTCAGGGCATA-32,m,1042
TCGCGTTGTCTGCGGT-32,m,260
TCGCGTTGTCTGGTCG-32,a2,536
TCGCGTTGTGGTGTAG-32,m,660
TCGGGACAGTTCGCAT-32,m,1571
TCGGGACCAAGGTTCT-32,m,1591
TCGGGACCACGGTTTA-32,m,450
TCGGGACGTGTTGAGG-32,m,1752
TCGGTAAGTGATAAAC-32,m,129
TCGGTAAGTGTTGAGG-32,m,812
TCGGTAATCAACTCTT-32,d,1586
TCGTACCAGAAGGGTA-32,g1,1136
TCGTACCGTACGCTGC-32,m,100
TCGTACCTCAATAAGG-32,m,1736
TCGTAGAGTAATCACC-32,g1,386
TCTATTGCATTCCTGC-32,d,1661
TCTATTGGTCTCAACA-32,none,1100
TCTATTGGTCTGCAAT-32,m,1993
TCTATTGTCTCATTCA-32,d,1867
TCTCATAAGATAGTCA-32,m,1780
TCTCATACATCCTAGA-32,m,310
TCTCATAGTGCAACTT-32,m,1164
TCTCATATCAAACAAG-32,m,1744
TCTCATATCAAAGTAG-32,m,673
TCTCTAAAGTATGACA-32,a1,189
TCTCTAACACTTGGAT-32,m,598
TCTCTAATCATTGCGA-32,m,1745
TCTGAGACAATACGCT-32,m,1405
TCTGAGAGTGTGAAAT-32,m,1772
TCTGAGAGTTCCATGA-32,m,155
TCTGAGATCAATCACG-32,m,1467
TCTGAGATCCCATTTA-32,m,1011
TCTGAGATCTGATACG-32,d,1213
TCTGGAAAGCAGACTG-32,m,771
TCTGGAACAATCAGAA-32,m,1472
TCTTCGGAGTAGATGT-32,m,1261
TCTTCGGCAACGATGG-32,g1,197
TCTTCGGCATCAGTAC-32,m,1355
TCTTCGGCATGCCTTC-32,m,1286
TCTTCGGTCTTGACGA-32,m,1130
TCTTTCCAGGGCTTCC-32,m,1630
TCTTTCCAGTCCGGTC-32,m,65
TCTTTCCCAGCTGCAC-32,m,1465
TCTTTCCGTAGAGGAA-32,m,1392
TCTTTCCTCACATACG-32,m,1690
TCTTTCCTCTGATTCT-32,m,1297
TGAAAGAGTACGCTGC-32,m,1577
TGACAACCACCGATAT-32,m,1119
TGACAACGTACTCTCC-32,m,354
TGACGGCCAACTGGCC-32,m,433
TGACGGCCATCCTAGA-32,m,1010
TGACTAGAGAACTCGG-32,a1,899
TGACTAGAGCATCATC-32,m,131
TGACTAGAGTGCAAGC-32,m,546
TGACTAGCAATCCAAC-32,m,229
TGACTAGTCAAGGCTT-32,m,1697
TGACTAGTCTATCCTA-32,m,1691
TGACTTTCAACACCCG-32,m,115
TGACTTTCAGACAAAT-32,m,1146
TGACTTTCAGATCGGA-32,m,374
TGACTTTCATTGGTAC-32,m,1832
TGAGAGGAGAACAACT-32,d,801
TGAGAGGCACGTAAGG-32,g4,1782
TGAGAGGCATGAACCT-32,m,526
TGAGAGGTCCGGCACA-32,m,897
TGAGCATAGAATGTGT-32,g2,1656
TGAGCATAGAGGACGG-32,m,1639
TGAGCATAGCACCGTC-32,m,728
TGAGCATAGCTAAACA-32,m,446
TGAGCATCAGCTATTG-32,m,205
TGAGCATGTTAGGGTG-32,m,1281
TGAGCATTCATCGGAT-32,m,1781
TGAGCATTCCCATTTA-32,m,1506
TGAGCCGCACCGCTAG-32,m,1043
TGAGCCGCAGATAATG-32,d,2006
TGAGCCGCAGCCTTTC-32,m,987
TGAGCCGGTAAACCTC-32,m,1330
TGAGGGACACGCTTTC-32,d,807
TGAGGGACAGCCAGAA-32,none,1619
TGAGGGAGTTCATGGT-32,a1,910
TGATTTCAGCTGATAA-32,m,1654
TGATTTCAGTGATCGG-32,m,142
TGATTTCCAGGTCCAC-32,m,1667
TGATTTCCATCTCCCA-32,m,57
TGATTTCGTGTGCGTC-32,m,191
TGCACCTAGATATGCA-32,m,754
TGCACCTAGGACAGCT-32,m,895
TGCACCTTCGGCGCAT-32,m,1681
TGCCAAAAGTGGGATC-32,m,413
TGCCAAATCCACGAAT-32,m,262
TGCCCATAGGGAACGG-32,g1,1412
TGCCCATCACCCATGG-32,a2,1903
TGCCCATCATGGGACA-32,m,154
TGCCCATGTGGTTTCA-32,m,515
TGCCCATTCTCGCATC-32,m,772
TGCCCTACACAACGTT-32,m,1631
TGCCCTACAGACTCGC-32,a1,472
TGCCCTAGTGGTAACG-32,m,851
TGCCCTAGTGTGAAAT-32,m,1715
TGCCCTAGTTCACCTC-32,a2,561
TGCGCAGCAGTGGGAT-32,none,1872
TGCGCAGGTAACGACG-32,m,563
TGCGCAGGTCGCCATG-32,m,1592
TGCGCAGGTGCGGTAA-32,m,1047
TGCGCAGGTTTGGCGC-32,d,1530
TGCGCAGTCACCACCT-32,g3,1782
TGCGCAGTCTAACGGT-32,m,53
TGCGGGTAGGTTCCTA-32,m,222
TGCGGGTGTGCAACGA-32,m,106
TGCGTGGCAAGTAATG-32,m,845
TGCGTGGGTACAGTTC-32,a1,397
TGCTACCAGCCCGAAA-32,m,27
TGCTACCCAAAGGAAG-32,m,166
TGCTACCCATTATCTC-32,m,2011
TGCTACCGTTCAGTAC-32,m,82
TGCTACCTCTTGCCGT-32,m,609
TGCTACCTCTTTACGT-32,m,698
TGCTGCTCAAAGCGGT-32,none,33
TGCTGCTGTTACGACT-32,a1,5
TGCTGCTTCCATGAAC-32,g3,1782
TGCTGCTTCCATGCTC-32,m,957
TGGACGCAGGCAAAGA-32,m,1249
TGGACGCCAGCCTTGG-32,a1,1106
TGGACGCTCCGTTGTC-32,m,470
TGGACGCTCTTAACCT-32,m,1600
TGGCCAGGTAGCGCTC-32,a1,593
TGGCCAGTCGAGGTAG-32,a1,722
TGGCGCAAGAGATGAG-32,m,683
TGGCGCAAGGAGTACC-32,d,893
TGGCGCAAGTAGATGT-32,m,702
TGGCGCACAACTGCGC-32,m,586
TGGCGCACAGGCTGAA-32,d,1216
TGGCGCACATGCCACG-32,m,1716
TGGCGCAGTAAGTGTA-32,a1,720
TGGCGCAGTCACTGGC-32,m,344
TGGCGCAGTGATGTCT-32,m,322
TGGCGCAGTTGTGGCC-32,m,1027
TGGCGCATCCTTGACC-32,m,886
TGGCGCATCTTCCTTC-32,m,739
TGGCTGGAGCCTCGTG-32,m,195
TGGCTGGAGCTCTCGG-32,g1,471
TGGCTGGCAAGTCTAC-32,d,901
TGGCTGGCAATGTTGC-32,m,329
TGGCTGGTCCGTAGTA-32,m,589
TGGGAAGCAGATGGCA-32,m,996
TGGGAAGCATAGGATA-32,m,823
TGGGAAGGTCCAAGTT-32,m,1670
TGGGAAGTCCTCGCAT-32,m,363
TGGGAAGTCGCCATAA-32,m,1698
TGGGAAGTCGTCGTTC-32,m,1460
TGGGAAGTCGTTTAGG-32,m,1543
TGGGCGTAGAAAGTGG-32,m,1084
TGGGCGTAGGAGTTTA-32,m,1837
TGGGCGTCAATGGAAT-32,m,1324
TGGGCGTTCATCTGTT-32,m,74
TGGGCGTTCTGAGGGA-32,d,1774
TGGGCGTTCTTGCATT-32,m,1876
TGGTTAGGTCGGCTCA-32,g1,538
TGGTTAGGTGTTCGAT-32,m,1878
TGGTTCCCACACAGAG-32,m,1930
TGGTTCCTCGGGAGTA-32,m,1683
TGGTTCCTCGGTGTTA-32,m,484
TGTATTCAGACCTAGG-32,m,938
TGTATTCAGACGCACA-32,m,1312
TGTATTCAGTGCCAGA-32,m,2007
TGTATTCCAGGACGTA-32,m,421
TGTATTCTCACCGGGT-32,m,1498
TGTCCCAAGGGCACTA-32,m,1621
TGTCCCACACATCCGG-32,m,1394
TGTCCCACACCCATTC-32,m,212
TGTCCCAGTCGAACAG-32,m,1798
TGTCCCAGTCTAGTCA-32,g2,1296
TGTCCCAGTCTCCACT-32,m,1241
TGTCCCATCAACACAC-32,m,1310
TGTCCCATCACTTATC-32,d,1382
TGTCCCATCTTTAGTC-32,a2,220
TGTGGTAAGAGCTGCA-32,m,427
TGTGGTACAGAGTGTG-32,m,165
TGTGGTACAGCTGCAC-32,m,736
TGTGGTAGTATGAATG-32,m,723
TGTGGTATCCAAGCCG-32,m,43
TGTGTTTCAGACAGGT-32,g4,1782
TGTGTTTGTACCGTAT-32,m,1642
TGTGTTTGTACTTAGC-32,m,225
TGTTCCGAGACACTAA-32,m,1982
TGTTCCGAGGGAGTAA-32,m,487
TGTTCCGGTGTGACGA-32,m,1554
TGTTCCGGTTAAAGTG-32,a1,794
TGTTCCGTCTGTTGAG-32,m,500
TTAACTCAGCGCTTAT-32,m,1214
TTAACTCGTCCTCTTG-32,m,1735
TTAACTCTCCGCAAGC-32,a1,1267
TTAACTCTCTATCCCG-32,m,1452
TTAGGACAGATATGCA-32,m,1092
TTAGGACCAATAACGA-32,m,1060
TTAGGCAAGGCTATCT-32,g3,1782
TTAGGCAAGGGTATCG-32,m,99
TTAGGCACAGCGAACA-32,g1,667
TTAGGCATCAGCTGGC-32,g1,382
TTAGGCATCATCGATG-32,m,1759
TTAGGCATCCGCTGTT-32,m,752
TTAGTTCAGACTAGGC-32,m,1309
TTAGTTCAGAGCTTCT-32,g1,1152
TTAGTTCCATCCGGGT-32,m,1098
TTAGTTCTCGATGAGG-32,m,1576
TTATGCTCAATGGACG-32,m,451
TTATGCTCAGTGGGAT-32,m,1666
TTATGCTGTAAATGAC-32,m,1641
TTATGCTGTCTAAACC-32,m,1593
TTATGCTTCGAACTGT-32,g1,933
TTATGCTTCGGAATCT-32,m,1820
TTATGCTTCTTCCTTC-32,m,1733
TTCCCAGAGCTACCTA-32,a1,243
TTCCCAGAGTGTGAAT-32,m,1129
TTCCCAGAGTTACCCA-32,m,1464
TTCCCAGCATAGTAAG-32,a1,527
TTCCCAGCATCCTAGA-32,m,733
TTCCCAGGTCGTTGTA-32,m,628
TTCCCAGGTTGTCGCG-32,g1,1303
TTCCCAGTCGCGATCG-32,m,1334
TTCCCAGTCTCGTATT-32,m,555
TTCGAAGGTGCCTGTG-32,m,132
TTCGAAGTCCACTGGG-32,m,1244
TTCGGTCAGCTCAACT-32,m,1839
TTCGGTCAGTAGATGT-32,m,1893
TTCGGTCCAATTCCTT-32,m,1458
TTCGGTCCAGTGAGTG-32,m,239
TTCGGTCGTACCTACA-32,m,207
TTCGGTCTCGGTCTAA-32,m,215
TTCTACACAGACGTAG-32,d,889
TTCTACAGTATTACCG-32,m,980
TTCTACAGTGATGTCT-32,m,1362
TTCTACAGTGCAGACA-32,m,457
TTCTCAACACAGATTC-32,m,1974
TTCTCAAGTAACGTTC-32,d,1500
TTCTCAATCTCGCATC-32,m,461
TTCTCCTAGATATGGT-32,m,585
TTCTCCTAGCCCAGCT-32,m,604
TTCTCCTAGCCCTAAT-32,m,798
TTCTCCTCAAGCGAGT-32,m,1985
TTCTCCTGTAGAGTGC-32,m,985
TTCTTAGAGCTACCGC-32,m,263
TTCTTAGGTTGCCTCT-32,m,1822
TTCTTAGTCGAACGGA-32,m,1074
TTGAACGCAGTTTACG-32,d,1972
TTGAACGGTCATCGGC-32,d,1764
TTGAACGGTGTTTGTG-32,m,436
TTGAACGGTTGCGCAC-32,m,1061
TTGAACGTCGCCTGAG-32,m,1359
TTGAACGTCTGAGTGT-32,g3,1644
TTGACTTAGGACCACA-32,m,890
TTGACTTAGGCCCTCA-32,g3,1003
TTGCCGTAGAAAGTGG-32,m,110
TTGCCGTAGCCGGTAA-32,m,1879
TTGCCGTCAGTTTACG-32,m,1712
TTGCCGTCATACTACG-32,m,852
TTGCCGTGTTGAGTTC-32,m,31
TTGCCGTTCGCGCCAA-32,m,725
TTGCGTCAGGCATGGT-32,none,66
TTGCGTCCAGGAATCG-32,m,1815
TTGCGTCTCTGCGACG-32,m,254
TTGCGTCTCTGTCTAT-32,m,1004
TTGGAACCAATGGACG-32,m,349
TTGGAACCAGCATGAG-32,m,347
TTGGAACGTCATGCCG-32,a1,689
TTGGAACGTGGAAAGA-32,d,228
TTGGAACTCGGTTAAC-32,m,1647
TTGGCAAAGCGTGAGT-32,m,160
TTGGCAACAAGTCATC-32,m,846
TTGGCAACACCAGCAC-32,m,1415
TTGGCAAGTCATACTG-32,m,1299
TTGGCAATCTTTACGT-32,m,512
TTGTAGGAGTCTCAAC-32,a1,327
TTGTAGGCAAGTTGTC-32,m,610
TTGTAGGGTGTAAGTA-32,g3,1782
TTGTAGGTCTACTATC-32,d,1682
TTGTAGGTCTAGCACA-32,m,1370
TTGTAGGTCTCAAGTG-32,m,1284
TTTACTGAGTTAAGTG-32,g1,1562
TTTACTGAGTTCGCAT-32,d,1125
TTTACTGCAATCGAAA-32,a1,1515
TTTACTGGTACTTGAC-32,m,139
TTTACTGTCAAACCAC-32,g3,1032
TTTACTGTCATGTGGT-32,m,1819
TTTACTGTCCCTAACC-32,m,1446
TTTATGCAGTTTGCGT-32,m,1123
TTTATGCCACAACTGT-32,m,1607
TTTATGCCAGCGTTCG-32,m,1246
TTTATGCGTATATGAG-32,m,820
TTTATGCTCTTGAGGT-32,g2,1427
TTTCCTCCAGCTGTGC-32,m,1225
TTTCCTCGTATTAGCC-32,m,241
TTTCCTCTCGCATGGC-32,m,699
TTTCCTCTCGCGGATC-32,m,1425
TTTGCGCAGTGTTAGA-32,m,1769
TTTGCGCCAATGAATG-32,m,831
TTTGCGCCACAAGACG-32,m,700
TTTGCGCGTAGGCATG-32,d,1971
TTTGCGCTCGCCAGCA-32,m,1756
TTTGCGCTCTTAGAGC-32,m,1633
TTTGGTTAGGACCACA-32,a1,661
TTTGGTTAGGTGCTAG-32,d,1999
TTTGGTTGTTGATTCG-32,m,1844
TTTGTCAGTAGCACGA-32,g1,680
